"serial","f","h","g","BF","father_serial","h0","H_min","last_H_min_update","f_max","node_max"
"1","13","13","0","4","0","13","13","0","13","1692"
"2","14","13","1","4","1","13","13","1","14","1692"
"3","14","12","2","3","2","13","12","0","14","1692"
"4","14","13","1","4","1","13","12","1","14","1692"
"5","14","13","1","5","1","13","12","2","14","1692"
"6","14","12","2","5","5","13","12","3","14","1692"
"7","15","12","3","3","3","13","12","4","15","1692"
"8","15","12","3","4","3","13","12","5","15","1692"
"9","15","11","4","4","8","13","11","0","15","1692"
"10","15","12","3","5","6","13","11","1","15","1692"
"11","15","12","3","5","6","13","11","2","15","1692"
"12","15","12","3","5","6","13","11","3","15","1692"
"13","15","11","4","4","12","13","11","4","15","1692"
"14","15","13","2","3","2","13","11","5","15","1692"
"15","15","13","2","3","2","13","11","6","15","1692"
"16","15","13","2","3","4","13","11","7","15","1692"
"17","15","13","2","3","4","13","11","8","15","1692"
"18","15","13","2","3","4","13","11","9","15","1692"
"19","15","13","2","4","5","13","11","10","15","1692"
"20","15","13","2","4","5","13","11","11","15","1692"
"21","15","13","2","4","5","13","11","12","15","1692"
"22","15","14","1","5","1","13","11","13","15","1692"
"23","16","11","5","4","9","13","11","14","16","1692"
"24","16","11","5","4","9","13","11","15","16","1692"
"25","16","10","6","3","24","13","10","0","16","1692"
"26","16","11","5","4","13","13","10","1","16","1692"
"27","16","12","4","2","7","13","10","2","16","1692"
"28","16","12","4","2","7","13","10","3","16","1692"
"29","16","12","4","3","8","13","10","4","16","1692"
"30","16","12","4","3","8","13","10","5","16","1692"
"31","16","12","4","4","10","13","10","6","16","1692"
"32","16","12","4","4","10","13","10","7","16","1692"
"33","16","12","4","4","10","13","10","8","16","1692"
"34","16","12","4","4","11","13","10","9","16","1692"
"35","16","12","4","4","11","13","10","10","16","1692"
"36","16","12","4","4","11","13","10","11","16","1692"
"37","16","12","4","4","11","13","10","12","16","1692"
"38","16","12","4","4","12","13","10","13","16","1692"
"39","16","12","4","4","12","13","10","14","16","1692"
"40","16","12","4","4","12","13","10","15","16","1692"
"41","16","13","3","6","6","13","10","16","16","1692"
"42","16","13","3","4","14","13","10","17","16","1692"
"43","16","13","3","3","15","13","10","18","16","1692"
"44","16","13","3","4","16","13","10","19","16","1692"
"45","16","13","3","3","17","13","10","20","16","1692"
"46","16","13","3","3","18","13","10","21","16","1692"
"47","16","13","3","4","18","13","10","22","16","1692"
"48","16","13","3","4","19","13","10","23","16","1692"
"49","16","13","3","4","19","13","10","24","16","1692"
"50","16","12","4","3","49","13","10","25","16","1692"
"51","16","13","3","4","20","13","10","26","16","1692"
"52","16","13","3","4","20","13","10","27","16","1692"
"53","16","13","3","4","21","13","10","28","16","1692"
"54","16","13","3","4","21","13","10","29","16","1692"
"55","16","13","3","4","21","13","10","30","16","1692"
"56","16","12","4","3","55","13","10","31","16","1692"
"57","16","14","2","5","22","13","10","32","16","1692"
"58","16","14","2","4","22","13","10","33","16","1692"
"59","16","14","2","4","22","13","10","34","16","1692"
"60","16","14","2","4","22","13","10","35","16","1692"
"61","17","11","6","3","23","13","10","36","17","1692"
"62","17","11","6","3","23","13","10","37","17","1692"
"63","17","11","6","3","23","13","10","38","17","1692"
"64","17","11","6","3","24","13","10","39","17","1692"
"65","17","11","6","3","24","13","10","40","17","1692"
"66","17","11","6","3","26","13","10","41","17","1692"
"67","17","11","6","3","26","13","10","42","17","1692"
"68","17","12","5","4","13","13","10","43","17","1692"
"69","17","12","5","5","13","13","10","44","17","1692"
"70","17","12","5","3","27","13","10","45","17","1692"
"71","17","12","5","3","29","13","10","46","17","1692"
"72","17","12","5","3","29","13","10","47","17","1692"
"73","17","11","6","2","72","13","10","48","17","1692"
"74","17","12","5","3","30","13","10","49","17","1692"
"75","17","12","5","4","31","13","10","50","17","1692"
"76","17","12","5","4","32","13","10","51","17","1692"
"77","17","12","5","4","33","13","10","52","17","1692"
"78","17","12","5","4","33","13","10","53","17","1692"
"79","17","12","5","4","34","13","10","54","17","1692"
"80","17","11","6","3","79","13","10","55","17","1692"
"81","17","12","5","4","35","13","10","56","17","1692"
"82","17","12","5","4","36","13","10","57","17","1692"
"83","17","12","5","4","36","13","10","58","17","1692"
"84","17","11","6","3","83","13","10","59","17","1692"
"85","17","12","5","4","37","13","10","60","17","1692"
"86","17","12","5","4","37","13","10","61","17","1692"
"87","17","11","6","3","86","13","10","62","17","1692"
"88","17","12","5","4","38","13","10","63","17","1692"
"89","17","12","5","4","39","13","10","64","17","1692"
"90","17","12","5","4","39","13","10","65","17","1692"
"91","17","12","5","4","40","13","10","66","17","1692"
"92","17","12","5","4","40","13","10","67","17","1692"
"93","17","12","5","3","56","13","10","68","17","1692"
"94","17","13","4","6","41","13","10","69","17","1692"
"95","17","13","4","5","41","13","10","70","17","1692"
"96","17","13","4","5","41","13","10","71","17","1692"
"97","17","13","4","5","41","13","10","72","17","1692"
"98","17","13","4","5","41","13","10","73","17","1692"
"99","17","13","4","3","42","13","10","74","17","1692"
"100","17","13","4","3","42","13","10","75","17","1692"
"101","17","13","4","2","43","13","10","76","17","1692"
"102","17","13","4","2","43","13","10","77","17","1692"
"103","17","13","4","3","44","13","10","78","17","1692"
"104","17","13","4","3","44","13","10","79","17","1692"
"105","17","13","4","2","45","13","10","80","17","1692"
"106","17","13","4","2","46","13","10","81","17","1692"
"107","17","13","4","3","47","13","10","82","17","1692"
"108","17","13","4","3","47","13","10","83","17","1692"
"109","17","13","4","3","48","13","10","84","17","1692"
"110","17","13","4","3","48","13","10","85","17","1692"
"111","17","13","4","3","49","13","10","86","17","1692"
"112","17","13","4","3","49","13","10","87","17","1692"
"113","17","13","4","3","51","13","10","88","17","1692"
"114","17","13","4","3","51","13","10","89","17","1692"
"115","17","13","4","3","52","13","10","90","17","1692"
"116","17","13","4","3","52","13","10","91","17","1692"
"117","17","13","4","3","52","13","10","92","17","1692"
"118","17","13","4","3","53","13","10","93","17","1692"
"119","17","13","4","3","53","13","10","94","17","1692"
"120","17","13","4","3","54","13","10","95","17","1692"
"121","17","13","4","3","54","13","10","96","17","1692"
"122","17","13","4","3","55","13","10","97","17","1692"
"123","17","13","4","3","55","13","10","98","17","1692"
"124","17","14","3","4","14","13","10","99","17","1692"
"125","17","14","3","4","15","13","10","100","17","1692"
"126","17","14","3","4","16","13","10","101","17","1692"
"127","17","14","3","4","17","13","10","102","17","1692"
"128","17","14","3","5","19","13","10","103","17","1692"
"129","17","14","3","5","20","13","10","104","17","1692"
"130","17","14","3","5","57","13","10","105","17","1692"
"131","17","13","4","4","130","13","10","106","17","1692"
"132","17","14","3","5","57","13","10","107","17","1692"
"133","17","14","3","6","57","13","10","108","17","1692"
"134","17","13","4","5","133","13","10","109","17","1692"
"135","17","14","3","6","57","13","10","110","17","1692"
"136","17","14","3","4","58","13","10","111","17","1692"
"137","17","14","3","5","58","13","10","112","17","1692"
"138","17","13","4","4","137","13","10","113","17","1692"
"139","17","14","3","5","58","13","10","114","17","1692"
"140","17","14","3","4","59","13","10","115","17","1692"
"141","17","13","4","3","140","13","10","116","17","1692"
"142","17","14","3","5","59","13","10","117","17","1692"
"143","17","13","4","4","142","13","10","118","17","1692"
"144","17","14","3","5","59","13","10","119","17","1692"
"145","17","14","3","4","60","13","10","120","17","1692"
"146","17","13","4","3","145","13","10","121","17","1692"
"147","17","14","3","4","60","13","10","122","17","1692"
"148","17","14","3","5","60","13","10","123","17","1692"
"149","18","11","7","3","25","13","10","124","18","1692"
"150","18","11","7","3","61","13","10","125","18","1692"
"151","18","10","8","2","150","13","10","126","18","1692"
"152","18","11","7","3","63","13","10","127","18","1692"
"153","18","10","8","2","152","13","10","128","18","1692"
"154","18","11","7","3","64","13","10","129","18","1692"
"155","18","11","7","3","65","13","10","130","18","1692"
"156","18","11","7","3","84","13","10","131","18","1692"
"157","18","11","7","3","87","13","10","132","18","1692"
"158","18","12","6","3","68","13","10","133","18","1692"
"159","18","12","6","5","69","13","10","134","18","1692"
"160","18","12","6","4","69","13","10","135","18","1692"
"161","18","12","6","4","69","13","10","136","18","1692"
"162","18","12","6","4","69","13","10","137","18","1692"
"163","18","12","6","2","70","13","10","138","18","1692"
"164","18","12","6","2","71","13","10","139","18","1692"
"165","18","12","6","2","71","13","10","140","18","1692"
"166","18","12","6","2","72","13","10","141","18","1692"
"167","18","12","6","2","74","13","10","142","18","1692"
"168","18","12","6","2","74","13","10","143","18","1692"
"169","18","12","6","3","75","13","10","144","18","1692"
"170","18","12","6","3","75","13","10","145","18","1692"
"171","18","12","6","3","75","13","10","146","18","1692"
"172","18","12","6","3","76","13","10","147","18","1692"
"173","18","12","6","3","76","13","10","148","18","1692"
"174","18","12","6","3","76","13","10","149","18","1692"
"175","18","12","6","3","77","13","10","150","18","1692"
"176","18","12","6","3","77","13","10","151","18","1692"
"177","18","12","6","3","77","13","10","152","18","1692"
"178","18","12","6","3","78","13","10","153","18","1692"
"179","18","12","6","3","78","13","10","154","18","1692"
"180","18","12","6","3","79","13","10","155","18","1692"
"181","18","12","6","3","79","13","10","156","18","1692"
"182","18","12","6","3","81","13","10","157","18","1692"
"183","18","12","6","3","82","13","10","158","18","1692"
"184","18","12","6","3","83","13","10","159","18","1692"
"185","18","12","6","3","83","13","10","160","18","1692"
"186","18","12","6","3","85","13","10","161","18","1692"
"187","18","12","6","3","86","13","10","162","18","1692"
"188","18","12","6","3","86","13","10","163","18","1692"
"189","18","12","6","3","88","13","10","164","18","1692"
"190","18","12","6","3","89","13","10","165","18","1692"
"191","18","12","6","3","90","13","10","166","18","1692"
"192","18","12","6","3","91","13","10","167","18","1692"
"193","18","12","6","3","92","13","10","168","18","1692"
"194","18","12","6","2","93","13","10","169","18","1692"
"195","18","12","6","2","93","13","10","170","18","1692"
"196","18","13","5","5","31","13","10","171","18","1692"
"197","18","13","5","4","32","13","10","172","18","1692"
"198","18","13","5","5","32","13","10","173","18","1692"
"199","18","13","5","5","33","13","10","174","18","1692"
"200","18","13","5","5","34","13","10","175","18","1692"
"201","18","13","5","4","35","13","10","176","18","1692"
"202","18","13","5","5","35","13","10","177","18","1692"
"203","18","13","5","5","36","13","10","178","18","1692"
"204","18","13","5","4","38","13","10","179","18","1692"
"205","18","13","5","5","38","13","10","180","18","1692"
"206","18","13","5","5","39","13","10","181","18","1692"
"207","18","13","5","4","40","13","10","182","18","1692"
"208","18","13","5","4","50","13","10","183","18","1692"
"209","18","13","5","6","94","13","10","184","18","1692"
"210","18","12","6","5","209","13","10","185","18","1692"
"211","18","13","5","6","94","13","10","186","18","1692"
"212","18","13","5","6","94","13","10","187","18","1692"
"213","18","13","5","7","94","13","10","188","18","1692"
"214","17","11","6","6","213","13","10","189","18","1692"
"215","18","11","7","6","214","13","10","190","18","1692"
"216","18","10","8","5","215","13","10","191","18","1692"
"217","18","11","7","6","214","13","10","192","18","1692"
"218","18","10","8","5","217","13","10","193","18","1692"
"219","18","11","7","6","214","13","10","194","18","1692"
"220","18","10","8","5","219","13","10","195","18","1692"
"221","18","11","7","6","214","13","10","196","18","1692"
"222","17","9","8","5","221","13","9","0","18","1692"
"223","18","9","9","5","222","13","9","1","18","1692"
"224","17","7","10","4","223","13","7","0","18","1692"
"225","18","7","11","4","224","13","7","1","18","1692"
"226","18","6","12","3","225","13","6","0","18","1692"
"227","18","7","11","4","224","13","6","1","18","1692"
"228","18","6","12","3","227","13","6","2","18","1692"
"229","18","9","9","5","222","13","6","3","18","1692"
"230","18","8","10","4","229","13","6","4","18","1692"
"231","18","9","9","5","222","13","6","5","18","1692"
"232","18","8","10","4","231","13","6","6","18","1692"
"233","18","13","5","5","95","13","6","7","18","1692"
"234","18","13","5","5","95","13","6","8","18","1692"
"235","18","13","5","6","95","13","6","9","18","1692"
"236","17","11","6","5","235","13","6","10","18","1692"
"237","18","11","7","5","236","13","6","11","18","1692"
"238","18","10","8","4","237","13","6","12","18","1692"
"239","18","11","7","5","236","13","6","13","18","1692"
"240","18","10","8","4","239","13","6","14","18","1692"
"241","18","13","5","5","96","13","6","15","18","1692"
"242","18","12","6","4","241","13","6","16","18","1692"
"243","18","13","5","5","96","13","6","17","18","1692"
"244","18","13","5","6","96","13","6","18","18","1692"
"245","17","11","6","5","244","13","6","19","18","1692"
"246","18","11","7","5","245","13","6","20","18","1692"
"247","18","10","8","4","246","13","6","21","18","1692"
"248","18","11","7","5","245","13","6","22","18","1692"
"249","18","13","5","5","97","13","6","23","18","1692"
"250","18","12","6","4","249","13","6","24","18","1692"
"251","18","13","5","5","97","13","6","25","18","1692"
"252","18","13","5","6","97","13","6","26","18","1692"
"253","17","11","6","5","252","13","6","27","18","1692"
"254","18","11","7","5","253","13","6","28","18","1692"
"255","18","10","8","4","254","13","6","29","18","1692"
"256","18","11","7","5","253","13","6","30","18","1692"
"257","18","10","8","4","256","13","6","31","18","1692"
"258","18","13","5","5","98","13","6","32","18","1692"
"259","18","12","6","4","258","13","6","33","18","1692"
"260","18","13","5","5","98","13","6","34","18","1692"
"261","18","13","5","5","98","13","6","35","18","1692"
"262","18","13","5","6","98","13","6","36","18","1692"
"263","18","13","5","3","99","13","6","37","18","1692"
"264","18","13","5","3","100","13","6","38","18","1692"
"265","18","13","5","3","103","13","6","39","18","1692"
"266","18","13","5","3","104","13","6","40","18","1692"
"267","18","12","6","2","266","13","6","41","18","1692"
"268","18","13","5","3","106","13","6","42","18","1692"
"269","18","13","5","3","107","13","6","43","18","1692"
"270","18","12","6","2","269","13","6","44","18","1692"
"271","18","13","5","3","108","13","6","45","18","1692"
"272","18","13","5","3","108","13","6","46","18","1692"
"273","18","13","5","3","110","13","6","47","18","1692"
"274","18","12","6","2","273","13","6","48","18","1692"
"275","18","13","5","3","111","13","6","49","18","1692"
"276","18","13","5","3","112","13","6","50","18","1692"
"277","18","13","5","3","114","13","6","51","18","1692"
"278","18","13","5","3","116","13","6","52","18","1692"
"279","18","13","5","3","117","13","6","53","18","1692"
"280","18","13","5","3","118","13","6","54","18","1692"
"281","18","13","5","3","119","13","6","55","18","1692"
"282","18","13","5","3","119","13","6","56","18","1692"
"283","18","13","5","3","120","13","6","57","18","1692"
"284","18","13","5","3","121","13","6","58","18","1692"
"285","18","13","5","3","121","13","6","59","18","1692"
"286","18","12","6","2","285","13","6","60","18","1692"
"287","18","13","5","3","122","13","6","61","18","1692"
"288","18","13","5","3","123","13","6","62","18","1692"
"289","18","13","5","3","123","13","6","63","18","1692"
"290","18","13","5","4","131","13","6","64","18","1692"
"291","18","13","5","5","131","13","6","65","18","1692"
"292","18","12","6","4","291","13","6","66","18","1692"
"293","18","13","5","5","131","13","6","67","18","1692"
"294","18","13","5","5","134","13","6","68","18","1692"
"295","18","13","5","5","134","13","6","69","18","1692"
"296","18","12","6","4","295","13","6","70","18","1692"
"297","18","13","5","5","134","13","6","71","18","1692"
"298","18","12","6","4","297","13","6","72","18","1692"
"299","18","13","5","4","138","13","6","73","18","1692"
"300","18","12","6","3","299","13","6","74","18","1692"
"301","18","13","5","4","141","13","6","75","18","1692"
"302","18","12","6","3","301","13","6","76","18","1692"
"303","18","13","5","4","141","13","6","77","18","1692"
"304","18","13","5","4","143","13","6","78","18","1692"
"305","18","13","5","3","146","13","6","79","18","1692"
"306","18","13","5","4","146","13","6","80","18","1692"
"307","18","14","4","4","124","13","6","81","18","1692"
"308","18","14","4","3","124","13","6","82","18","1692"
"309","18","14","4","3","124","13","6","83","18","1692"
"310","18","14","4","4","125","13","6","84","18","1692"
"311","18","14","4","3","125","13","6","85","18","1692"
"312","18","14","4","3","125","13","6","86","18","1692"
"313","18","14","4","4","126","13","6","87","18","1692"
"314","18","14","4","3","126","13","6","88","18","1692"
"315","18","14","4","3","126","13","6","89","18","1692"
"316","18","14","4","4","127","13","6","90","18","1692"
"317","18","14","4","3","127","13","6","91","18","1692"
"318","18","14","4","3","127","13","6","92","18","1692"
"319","18","14","4","5","128","13","6","93","18","1692"
"320","18","14","4","4","128","13","6","94","18","1692"
"321","18","14","4","4","128","13","6","95","18","1692"
"322","18","14","4","4","128","13","6","96","18","1692"
"323","18","14","4","5","129","13","6","97","18","1692"
"324","18","14","4","4","129","13","6","98","18","1692"
"325","18","14","4","4","129","13","6","99","18","1692"
"326","18","14","4","4","129","13","6","100","18","1692"
"327","18","14","4","4","130","13","6","101","18","1692"
"328","18","14","4","4","132","13","6","102","18","1692"
"329","18","14","4","4","132","13","6","103","18","1692"
"330","18","14","4","6","133","13","6","104","18","1692"
"331","18","14","4","5","133","13","6","105","18","1692"
"332","18","14","4","5","133","13","6","106","18","1692"
"333","18","14","4","5","133","13","6","107","18","1692"
"334","18","14","4","5","135","13","6","108","18","1692"
"335","18","14","4","5","135","13","6","109","18","1692"
"336","18","14","4","3","136","13","6","110","18","1692"
"337","18","14","4","3","136","13","6","111","18","1692"
"338","18","14","4","5","137","13","6","112","18","1692"
"339","18","14","4","4","137","13","6","113","18","1692"
"340","18","14","4","4","137","13","6","114","18","1692"
"341","18","14","4","4","139","13","6","115","18","1692"
"342","18","14","4","4","139","13","6","116","18","1692"
"343","18","14","4","3","140","13","6","117","18","1692"
"344","18","14","4","5","142","13","6","118","18","1692"
"345","18","14","4","4","142","13","6","119","18","1692"
"346","18","14","4","4","142","13","6","120","18","1692"
"347","18","14","4","4","144","13","6","121","18","1692"
"348","18","14","4","4","144","13","6","122","18","1692"
"349","18","14","4","3","145","13","6","123","18","1692"
"350","18","14","4","3","147","13","6","124","18","1692"
"351","18","14","4","3","147","13","6","125","18","1692"
"352","18","14","4","5","148","13","6","126","18","1692"
"353","18","14","4","4","148","13","6","127","18","1692"
"354","18","14","4","4","148","13","6","128","18","1692"
"355","18","14","4","4","148","13","6","129","18","1692"
"356","19","6","13","3","226","13","6","130","19","1692"
"357","19","5","14","2","356","13","5","0","19","1692"
"358","19","7","12","3","225","13","5","1","19","1692"
"359","19","7","12","3","225","13","5","2","19","1692"
"360","19","7","12","3","227","13","5","3","19","1692"
"361","19","7","12","3","227","13","5","4","19","1692"
"362","19","8","11","5","224","13","5","5","19","1692"
"363","19","8","11","4","230","13","5","6","19","1692"
"364","19","8","11","4","230","13","5","7","19","1692"
"365","19","7","12","3","364","13","5","8","19","1692"
"366","19","8","11","4","232","13","5","9","19","1692"
"367","19","9","10","4","223","13","5","10","19","1692"
"368","19","9","10","4","223","13","5","11","19","1692"
"369","19","9","10","4","223","13","5","12","19","1692"
"370","19","9","10","4","229","13","5","13","19","1692"
"371","19","9","10","4","229","13","5","14","19","1692"
"372","19","9","10","4","229","13","5","15","19","1692"
"373","19","9","10","4","231","13","5","16","19","1692"
"374","19","9","10","4","231","13","5","17","19","1692"
"375","19","9","10","4","231","13","5","18","19","1692"
"376","19","10","9","5","216","13","5","19","19","1692"
"377","19","9","10","4","376","13","5","20","19","1692"
"378","19","10","9","5","216","13","5","21","19","1692"
"379","19","9","10","4","378","13","5","22","19","1692"
"380","19","10","9","5","218","13","5","23","19","1692"
"381","19","10","9","5","218","13","5","24","19","1692"
"382","19","9","10","4","381","13","5","25","19","1692"
"383","19","10","9","5","218","13","5","26","19","1692"
"384","19","10","9","5","220","13","5","27","19","1692"
"385","19","10","9","5","220","13","5","28","19","1692"
"386","19","10","9","6","222","13","5","29","19","1692"
"387","19","10","9","4","238","13","5","30","19","1692"
"388","19","9","10","3","387","13","5","31","19","1692"
"389","19","10","9","4","247","13","5","32","19","1692"
"390","19","10","9","4","255","13","5","33","19","1692"
"391","19","9","10","3","390","13","5","34","19","1692"
"392","19","10","9","4","257","13","5","35","19","1692"
"393","19","11","8","2","149","13","5","36","19","1692"
"394","19","11","8","2","150","13","5","37","19","1692"
"395","19","11","8","2","152","13","5","38","19","1692"
"396","19","11","8","2","154","13","5","39","19","1692"
"397","19","11","8","2","155","13","5","40","19","1692"
"398","19","11","8","2","156","13","5","41","19","1692"
"399","19","11","8","2","157","13","5","42","19","1692"
"400","19","11","8","2","157","13","5","43","19","1692"
"401","19","11","8","5","215","13","5","44","19","1692"
"402","19","11","8","5","215","13","5","45","19","1692"
"403","19","11","8","5","215","13","5","46","19","1692"
"404","19","11","8","5","215","13","5","47","19","1692"
"405","19","11","8","5","217","13","5","48","19","1692"
"406","19","11","8","5","217","13","5","49","19","1692"
"407","19","11","8","5","217","13","5","50","19","1692"
"408","19","11","8","5","217","13","5","51","19","1692"
"409","19","11","8","5","219","13","5","52","19","1692"
"410","19","11","8","5","219","13","5","53","19","1692"
"411","19","11","8","5","219","13","5","54","19","1692"
"412","19","11","8","5","219","13","5","55","19","1692"
"413","19","11","8","5","221","13","5","56","19","1692"
"414","19","11","8","5","221","13","5","57","19","1692"
"415","19","11","8","5","221","13","5","58","19","1692"
"416","19","11","8","5","221","13","5","59","19","1692"
"417","19","11","8","4","237","13","5","60","19","1692"
"418","19","11","8","4","237","13","5","61","19","1692"
"419","19","11","8","4","237","13","5","62","19","1692"
"420","19","11","8","4","239","13","5","63","19","1692"
"421","19","11","8","4","239","13","5","64","19","1692"
"422","19","11","8","4","239","13","5","65","19","1692"
"423","19","11","8","4","246","13","5","66","19","1692"
"424","19","11","8","4","246","13","5","67","19","1692"
"425","19","11","8","4","246","13","5","68","19","1692"
"426","19","11","8","4","248","13","5","69","19","1692"
"427","19","11","8","4","248","13","5","70","19","1692"
"428","19","11","8","4","248","13","5","71","19","1692"
"429","19","11","8","4","248","13","5","72","19","1692"
"430","19","11","8","4","254","13","5","73","19","1692"
"431","19","11","8","4","254","13","5","74","19","1692"
"432","19","11","8","4","254","13","5","75","19","1692"
"433","19","11","8","4","256","13","5","76","19","1692"
"434","19","11","8","4","256","13","5","77","19","1692"
"435","19","11","8","4","256","13","5","78","19","1692"
"436","19","12","7","3","62","13","5","79","19","1692"
"437","19","12","7","3","64","13","5","80","19","1692"
"438","19","12","7","3","66","13","5","81","19","1692"
"439","19","12","7","4","66","13","5","82","19","1692"
"440","19","12","7","4","67","13","5","83","19","1692"
"441","19","12","7","3","80","13","5","84","19","1692"
"442","19","12","7","4","80","13","5","85","19","1692"
"443","19","12","7","4","84","13","5","86","19","1692"
"444","19","12","7","3","87","13","5","87","19","1692"
"445","19","12","7","3","158","13","5","88","19","1692"
"446","19","12","7","5","159","13","5","89","19","1692"
"447","19","11","8","4","446","13","5","90","19","1692"
"448","19","12","7","6","159","13","5","91","19","1692"
"449","19","12","7","5","160","13","5","92","19","1692"
"450","19","12","7","4","161","13","5","93","19","1692"
"451","19","11","8","3","450","13","5","94","19","1692"
"452","19","12","7","5","161","13","5","95","19","1692"
"453","18","10","8","4","452","13","5","96","19","1692"
"454","19","10","9","4","453","13","5","97","19","1692"
"455","19","9","10","3","454","13","5","98","19","1692"
"456","19","12","7","4","162","13","5","99","19","1692"
"457","19","11","8","3","456","13","5","100","19","1692"
"458","19","12","7","5","162","13","5","101","19","1692"
"459","19","12","7","2","163","13","5","102","19","1692"
"460","19","12","7","2","165","13","5","103","19","1692"
"461","19","11","8","1","460","13","5","104","19","1692"
"462","19","12","7","2","166","13","5","105","19","1692"
"463","19","12","7","3","175","13","5","106","19","1692"
"464","19","11","8","2","463","13","5","107","19","1692"
"465","19","12","7","3","177","13","5","108","19","1692"
"466","19","12","7","3","178","13","5","109","19","1692"
"467","19","12","7","3","179","13","5","110","19","1692"
"468","19","12","7","3","183","13","5","111","19","1692"
"469","19","12","7","3","185","13","5","112","19","1692"
"470","19","12","7","3","186","13","5","113","19","1692"
"471","19","12","7","3","188","13","5","114","19","1692"
"472","19","12","7","3","190","13","5","115","19","1692"
"473","19","12","7","3","191","13","5","116","19","1692"
"474","19","12","7","3","192","13","5","117","19","1692"
"475","19","12","7","3","193","13","5","118","19","1692"
"476","19","12","7","5","210","13","5","119","19","1692"
"477","19","12","7","5","210","13","5","120","19","1692"
"478","19","12","7","6","210","13","5","121","19","1692"
"479","19","12","7","7","214","13","5","122","19","1692"
"480","19","12","7","6","413","13","5","123","19","1692"
"481","19","12","7","4","242","13","5","124","19","1692"
"482","19","12","7","5","242","13","5","125","19","1692"
"483","19","12","7","6","414","13","5","126","19","1692"
"484","19","12","7","4","250","13","5","127","19","1692"
"485","19","12","7","5","250","13","5","128","19","1692"
"486","19","12","7","6","415","13","5","129","19","1692"
"487","19","12","7","4","259","13","5","130","19","1692"
"488","19","12","7","4","259","13","5","131","19","1692"
"489","19","12","7","5","259","13","5","132","19","1692"
"490","19","12","7","2","286","13","5","133","19","1692"
"491","19","12","7","4","292","13","5","134","19","1692"
"492","19","11","8","3","491","13","5","135","19","1692"
"493","19","12","7","4","296","13","5","136","19","1692"
"494","19","12","7","4","296","13","5","137","19","1692"
"495","19","11","8","3","494","13","5","138","19","1692"
"496","19","12","7","4","298","13","5","139","19","1692"
"497","19","11","8","3","496","13","5","140","19","1692"
"498","19","12","7","4","298","13","5","141","19","1692"
"499","19","13","6","5","196","13","5","142","19","1692"
"500","19","13","6","4","196","13","5","143","19","1692"
"501","19","13","6","4","196","13","5","144","19","1692"
"502","19","13","6","4","196","13","5","145","19","1692"
"503","19","13","6","3","197","13","5","146","19","1692"
"504","19","13","6","5","198","13","5","147","19","1692"
"505","19","13","6","4","198","13","5","148","19","1692"
"506","19","13","6","4","198","13","5","149","19","1692"
"507","19","13","6","4","198","13","5","150","19","1692"
"508","19","13","6","5","199","13","5","151","19","1692"
"509","19","13","6","4","199","13","5","152","19","1692"
"510","19","13","6","4","199","13","5","153","19","1692"
"511","19","13","6","4","199","13","5","154","19","1692"
"512","19","13","6","5","200","13","5","155","19","1692"
"513","19","13","6","4","200","13","5","156","19","1692"
"514","19","13","6","4","200","13","5","157","19","1692"
"515","19","13","6","4","200","13","5","158","19","1692"
"516","19","13","6","3","201","13","5","159","19","1692"
"517","19","13","6","5","202","13","5","160","19","1692"
"518","19","13","6","4","202","13","5","161","19","1692"
"519","19","13","6","4","202","13","5","162","19","1692"
"520","19","13","6","4","202","13","5","163","19","1692"
"521","19","13","6","5","203","13","5","164","19","1692"
"522","19","13","6","4","203","13","5","165","19","1692"
"523","19","13","6","4","203","13","5","166","19","1692"
"524","19","13","6","4","203","13","5","167","19","1692"
"525","19","13","6","3","204","13","5","168","19","1692"
"526","19","13","6","5","205","13","5","169","19","1692"
"527","19","13","6","4","205","13","5","170","19","1692"
"528","19","13","6","4","205","13","5","171","19","1692"
"529","19","13","6","4","205","13","5","172","19","1692"
"530","19","13","6","5","206","13","5","173","19","1692"
"531","19","13","6","4","206","13","5","174","19","1692"
"532","19","13","6","4","206","13","5","175","19","1692"
"533","19","13","6","4","206","13","5","176","19","1692"
"534","19","13","6","3","207","13","5","177","19","1692"
"535","19","13","6","4","208","13","5","178","19","1692"
"536","19","13","6","3","208","13","5","179","19","1692"
"537","19","13","6","3","208","13","5","180","19","1692"
"538","19","13","6","5","209","13","5","181","19","1692"
"539","19","13","6","5","211","13","5","182","19","1692"
"540","19","13","6","5","211","13","5","183","19","1692"
"541","19","13","6","5","212","13","5","184","19","1692"
"542","19","13","6","5","212","13","5","185","19","1692"
"543","19","13","6","7","213","13","5","186","19","1692"
"544","19","13","6","6","213","13","5","187","19","1692"
"545","19","13","6","6","213","13","5","188","19","1692"
"546","19","13","6","6","213","13","5","189","19","1692"
"547","19","13","6","6","213","13","5","190","19","1692"
"548","19","13","6","4","233","13","5","191","19","1692"
"549","19","13","6","4","233","13","5","192","19","1692"
"550","19","13","6","4","234","13","5","193","19","1692"
"551","19","13","6","4","234","13","5","194","19","1692"
"552","19","13","6","6","235","13","5","195","19","1692"
"553","19","13","6","5","235","13","5","196","19","1692"
"554","19","13","6","5","235","13","5","197","19","1692"
"555","19","13","6","5","235","13","5","198","19","1692"
"556","19","13","6","4","241","13","5","199","19","1692"
"557","19","13","6","4","243","13","5","200","19","1692"
"558","19","13","6","4","243","13","5","201","19","1692"
"559","19","13","6","6","244","13","5","202","19","1692"
"560","19","13","6","5","244","13","5","203","19","1692"
"561","19","13","6","5","244","13","5","204","19","1692"
"562","19","13","6","5","244","13","5","205","19","1692"
"563","19","13","6","4","249","13","5","206","19","1692"
"564","19","13","6","4","251","13","5","207","19","1692"
"565","19","13","6","4","251","13","5","208","19","1692"
"566","19","13","6","6","252","13","5","209","19","1692"
"567","19","13","6","5","252","13","5","210","19","1692"
"568","19","13","6","5","252","13","5","211","19","1692"
"569","19","13","6","5","252","13","5","212","19","1692"
"570","19","13","6","4","258","13","5","213","19","1692"
"571","19","13","6","4","260","13","5","214","19","1692"
"572","19","13","6","4","260","13","5","215","19","1692"
"573","19","13","6","4","261","13","5","216","19","1692"
"574","19","13","6","4","261","13","5","217","19","1692"
"575","19","13","6","6","262","13","5","218","19","1692"
"576","19","13","6","5","262","13","5","219","19","1692"
"577","19","13","6","5","262","13","5","220","19","1692"
"578","19","13","6","5","262","13","5","221","19","1692"
"579","19","13","6","5","262","13","5","222","19","1692"
"580","19","13","6","2","263","13","5","223","19","1692"
"581","19","13","6","2","263","13","5","224","19","1692"
"582","19","13","6","2","264","13","5","225","19","1692"
"583","19","13","6","2","264","13","5","226","19","1692"
"584","19","13","6","2","265","13","5","227","19","1692"
"585","19","13","6","2","265","13","5","228","19","1692"
"586","19","13","6","2","266","13","5","229","19","1692"
"587","19","13","6","2","268","13","5","230","19","1692"
"588","19","13","6","2","269","13","5","231","19","1692"
"589","19","13","6","2","271","13","5","232","19","1692"
"590","19","13","6","2","271","13","5","233","19","1692"
"591","19","13","6","2","272","13","5","234","19","1692"
"592","19","13","6","2","272","13","5","235","19","1692"
"593","19","13","6","2","273","13","5","236","19","1692"
"594","19","13","6","2","275","13","5","237","19","1692"
"595","19","13","6","2","276","13","5","238","19","1692"
"596","19","13","6","2","277","13","5","239","19","1692"
"597","19","13","6","2","277","13","5","240","19","1692"
"598","19","13","6","2","278","13","5","241","19","1692"
"599","19","13","6","2","279","13","5","242","19","1692"
"600","19","13","6","2","280","13","5","243","19","1692"
"601","19","13","6","2","280","13","5","244","19","1692"
"602","19","13","6","2","281","13","5","245","19","1692"
"603","19","13","6","2","281","13","5","246","19","1692"
"604","19","13","6","2","282","13","5","247","19","1692"
"605","19","13","6","2","283","13","5","248","19","1692"
"606","19","13","6","2","284","13","5","249","19","1692"
"607","19","13","6","2","285","13","5","250","19","1692"
"608","19","13","6","2","287","13","5","251","19","1692"
"609","19","13","6","2","288","13","5","252","19","1692"
"610","19","13","6","2","289","13","5","253","19","1692"
"611","19","13","6","3","290","13","5","254","19","1692"
"612","19","13","6","3","290","13","5","255","19","1692"
"613","19","13","6","3","290","13","5","256","19","1692"
"614","19","13","6","5","291","13","5","257","19","1692"
"615","19","13","6","4","291","13","5","258","19","1692"
"616","19","13","6","4","291","13","5","259","19","1692"
"617","19","13","6","4","293","13","5","260","19","1692"
"618","19","13","6","4","293","13","5","261","19","1692"
"619","19","13","6","4","293","13","5","262","19","1692"
"620","19","13","6","4","294","13","5","263","19","1692"
"621","19","13","6","4","294","13","5","264","19","1692"
"622","19","13","6","4","294","13","5","265","19","1692"
"623","19","13","6","4","295","13","5","266","19","1692"
"624","19","13","6","4","295","13","5","267","19","1692"
"625","19","13","6","4","295","13","5","268","19","1692"
"626","19","13","6","4","297","13","5","269","19","1692"
"627","19","13","6","3","299","13","5","270","19","1692"
"628","19","13","6","3","299","13","5","271","19","1692"
"629","19","13","6","4","301","13","5","272","19","1692"
"630","19","13","6","3","301","13","5","273","19","1692"
"631","19","13","6","3","303","13","5","274","19","1692"
"632","19","13","6","3","303","13","5","275","19","1692"
"633","19","13","6","3","304","13","5","276","19","1692"
"634","19","13","6","3","304","13","5","277","19","1692"
"635","19","13","6","2","305","13","5","278","19","1692"
"636","19","13","6","2","305","13","5","279","19","1692"
"637","19","13","6","4","306","13","5","280","19","1692"
"638","19","13","6","3","306","13","5","281","19","1692"
"639","19","13","6","3","306","13","5","282","19","1692"
"640","19","14","5","5","97","13","5","283","19","1692"
"641","19","14","5","4","99","13","5","284","19","1692"
"642","19","14","5","3","101","13","5","285","19","1692"
"643","19","14","5","4","103","13","5","286","19","1692"
"644","19","14","5","3","105","13","5","287","19","1692"
"645","19","14","5","4","109","13","5","288","19","1692"
"646","19","14","5","4","110","13","5","289","19","1692"
"647","19","14","5","4","111","13","5","290","19","1692"
"648","19","14","5","4","113","13","5","291","19","1692"
"649","19","14","5","4","114","13","5","292","19","1692"
"650","19","14","5","4","115","13","5","293","19","1692"
"651","19","14","5","4","116","13","5","294","19","1692"
"652","19","14","5","6","134","13","5","295","19","1692"
"653","19","14","5","5","138","13","5","296","19","1692"
"654","19","14","5","5","143","13","5","297","19","1692"
"655","19","14","5","5","307","13","5","298","19","1692"
"656","19","14","5","5","307","13","5","299","19","1692"
"657","19","14","5","4","308","13","5","300","19","1692"
"658","19","13","6","3","657","13","5","301","19","1692"
"659","19","14","5","4","308","13","5","302","19","1692"
"660","19","14","5","4","309","13","5","303","19","1692"
"661","19","14","5","4","310","13","5","304","19","1692"
"662","19","14","5","5","310","13","5","305","19","1692"
"663","19","14","5","3","311","13","5","306","19","1692"
"664","19","14","5","4","311","13","5","307","19","1692"
"665","19","14","5","4","312","13","5","308","19","1692"
"666","19","14","5","5","313","13","5","309","19","1692"
"667","19","14","5","5","313","13","5","310","19","1692"
"668","19","14","5","4","314","13","5","311","19","1692"
"669","19","13","6","3","668","13","5","312","19","1692"
"670","19","14","5","4","314","13","5","313","19","1692"
"671","19","14","5","4","315","13","5","314","19","1692"
"672","19","14","5","4","316","13","5","315","19","1692"
"673","19","14","5","5","316","13","5","316","19","1692"
"674","19","14","5","4","317","13","5","317","19","1692"
"675","19","14","5","3","318","13","5","318","19","1692"
"676","19","13","6","2","675","13","5","319","19","1692"
"677","19","14","5","4","318","13","5","320","19","1692"
"678","19","14","5","5","319","13","5","321","19","1692"
"679","19","14","5","5","319","13","5","322","19","1692"
"680","19","14","5","6","319","13","5","323","19","1692"
"681","19","13","6","5","680","13","5","324","19","1692"
"682","19","14","5","4","320","13","5","325","19","1692"
"683","19","14","5","5","320","13","5","326","19","1692"
"684","19","13","6","4","683","13","5","327","19","1692"
"685","19","14","5","4","321","13","5","328","19","1692"
"686","19","14","5","5","321","13","5","329","19","1692"
"687","19","13","6","4","686","13","5","330","19","1692"
"688","19","14","5","4","322","13","5","331","19","1692"
"689","19","14","5","4","322","13","5","332","19","1692"
"690","19","14","5","5","322","13","5","333","19","1692"
"691","19","14","5","5","323","13","5","334","19","1692"
"692","19","14","5","5","323","13","5","335","19","1692"
"693","19","14","5","6","323","13","5","336","19","1692"
"694","19","13","6","5","693","13","5","337","19","1692"
"695","19","14","5","4","324","13","5","338","19","1692"
"696","19","14","5","5","324","13","5","339","19","1692"
"697","19","13","6","4","696","13","5","340","19","1692"
"698","19","14","5","4","325","13","5","341","19","1692"
"699","19","13","6","3","698","13","5","342","19","1692"
"700","19","14","5","5","325","13","5","343","19","1692"
"701","19","13","6","4","700","13","5","344","19","1692"
"702","19","14","5","4","326","13","5","345","19","1692"
"703","19","13","6","3","702","13","5","346","19","1692"
"704","19","14","5","4","326","13","5","347","19","1692"
"705","19","14","5","5","326","13","5","348","19","1692"
"706","19","14","5","4","327","13","5","349","19","1692"
"707","19","14","5","4","327","13","5","350","19","1692"
"708","19","14","5","5","327","13","5","351","19","1692"
"709","19","14","5","4","328","13","5","352","19","1692"
"710","19","14","5","4","328","13","5","353","19","1692"
"711","19","14","5","5","328","13","5","354","19","1692"
"712","19","14","5","4","329","13","5","355","19","1692"
"713","19","14","5","5","329","13","5","356","19","1692"
"714","19","14","5","5","329","13","5","357","19","1692"
"715","19","14","5","6","330","13","5","358","19","1692"
"716","19","14","5","6","330","13","5","359","19","1692"
"717","19","13","6","5","716","13","5","360","19","1692"
"718","19","14","5","6","330","13","5","361","19","1692"
"719","19","13","6","5","718","13","5","362","19","1692"
"720","19","14","5","7","330","13","5","363","19","1692"
"721","19","14","5","5","331","13","5","364","19","1692"
"722","19","13","6","4","721","13","5","365","19","1692"
"723","19","14","5","5","331","13","5","366","19","1692"
"724","19","13","6","4","723","13","5","367","19","1692"
"725","19","14","5","6","331","13","5","368","19","1692"
"726","19","14","5","5","332","13","5","369","19","1692"
"727","19","14","5","5","332","13","5","370","19","1692"
"728","19","13","6","4","727","13","5","371","19","1692"
"729","19","14","5","6","332","13","5","372","19","1692"
"730","19","14","5","5","333","13","5","373","19","1692"
"731","19","14","5","5","333","13","5","374","19","1692"
"732","19","13","6","4","731","13","5","375","19","1692"
"733","19","14","5","6","333","13","5","376","19","1692"
"734","19","14","5","5","334","13","5","377","19","1692"
"735","19","14","5","5","334","13","5","378","19","1692"
"736","19","14","5","5","334","13","5","379","19","1692"
"737","19","13","6","4","736","13","5","380","19","1692"
"738","19","14","5","5","334","13","5","381","19","1692"
"739","19","14","5","5","335","13","5","382","19","1692"
"740","19","14","5","5","335","13","5","383","19","1692"
"741","19","14","5","5","335","13","5","384","19","1692"
"742","19","13","6","4","741","13","5","385","19","1692"
"743","19","14","5","6","335","13","5","386","19","1692"
"744","19","13","6","5","743","13","5","387","19","1692"
"745","19","14","5","4","336","13","5","388","19","1692"
"746","19","14","5","4","337","13","5","389","19","1692"
"747","19","14","5","4","337","13","5","390","19","1692"
"748","19","14","5","5","338","13","5","391","19","1692"
"749","19","13","6","4","748","13","5","392","19","1692"
"750","19","14","5","6","338","13","5","393","19","1692"
"751","19","14","5","5","339","13","5","394","19","1692"
"752","19","14","5","4","340","13","5","395","19","1692"
"753","19","13","6","3","752","13","5","396","19","1692"
"754","19","14","5","5","340","13","5","397","19","1692"
"755","19","14","5","4","341","13","5","398","19","1692"
"756","19","14","5","4","341","13","5","399","19","1692"
"757","19","13","6","3","756","13","5","400","19","1692"
"758","19","14","5","4","342","13","5","401","19","1692"
"759","19","14","5","4","342","13","5","402","19","1692"
"760","19","13","6","3","759","13","5","403","19","1692"
"761","19","14","5","5","342","13","5","404","19","1692"
"762","19","13","6","4","761","13","5","405","19","1692"
"763","19","14","5","4","343","13","5","406","19","1692"
"764","19","14","5","5","344","13","5","407","19","1692"
"765","19","14","5","6","344","13","5","408","19","1692"
"766","19","14","5","5","345","13","5","409","19","1692"
"767","19","14","5","4","346","13","5","410","19","1692"
"768","19","14","5","5","346","13","5","411","19","1692"
"769","19","14","5","4","347","13","5","412","19","1692"
"770","19","14","5","4","347","13","5","413","19","1692"
"771","19","14","5","4","348","13","5","414","19","1692"
"772","19","14","5","4","348","13","5","415","19","1692"
"773","19","14","5","5","348","13","5","416","19","1692"
"774","19","13","6","4","773","13","5","417","19","1692"
"775","19","14","5","3","349","13","5","418","19","1692"
"776","19","14","5","3","350","13","5","419","19","1692"
"777","19","14","5","3","351","13","5","420","19","1692"
"778","19","14","5","4","351","13","5","421","19","1692"
"779","19","14","5","5","352","13","5","422","19","1692"
"780","19","14","5","5","352","13","5","423","19","1692"
"781","19","13","6","4","780","13","5","424","19","1692"
"782","19","14","5","4","353","13","5","425","19","1692"
"783","19","13","6","3","782","13","5","426","19","1692"
"784","19","14","5","4","354","13","5","427","19","1692"
"785","19","14","5","4","355","13","5","428","19","1692"
"786","19","14","5","4","355","13","5","429","19","1692"
"787","19","13","6","3","786","13","5","430","19","1692"
"788","20","6","14","2","356","13","5","431","20","1692"
"789","20","7","13","4","228","13","5","432","20","1692"
"790","20","7","13","3","358","13","5","433","20","1692"
"791","20","6","14","2","790","13","5","434","20","1692"
"792","20","7","13","3","360","13","5","435","20","1692"
"793","20","7","13","3","361","13","5","436","20","1692"
"794","20","7","13","3","365","13","5","437","20","1692"
"795","20","8","12","5","362","13","5","438","20","1692"
"796","20","8","12","4","362","13","5","439","20","1692"
"797","20","8","12","4","362","13","5","440","20","1692"
"798","20","8","12","4","362","13","5","441","20","1692"
"799","20","8","12","3","363","13","5","442","20","1692"
"800","20","8","12","3","363","13","5","443","20","1692"
"801","20","8","12","3","364","13","5","444","20","1692"
"802","20","8","12","3","364","13","5","445","20","1692"
"803","20","8","12","3","366","13","5","446","20","1692"
"804","20","8","12","3","366","13","5","447","20","1692"
"805","20","9","11","5","232","13","5","448","20","1692"
"806","20","9","11","4","367","13","5","449","20","1692"
"807","20","9","11","4","368","13","5","450","20","1692"
"808","20","9","11","4","369","13","5","451","20","1692"
"809","20","9","11","4","369","13","5","452","20","1692"
"810","20","9","11","4","370","13","5","453","20","1692"
"811","20","8","12","3","810","13","5","454","20","1692"
"812","20","9","11","4","371","13","5","455","20","1692"
"813","20","9","11","4","372","13","5","456","20","1692"
"814","20","9","11","4","372","13","5","457","20","1692"
"815","20","8","12","3","814","13","5","458","20","1692"
"816","20","9","11","4","373","13","5","459","20","1692"
"817","20","9","11","4","374","13","5","460","20","1692"
"818","20","9","11","4","374","13","5","461","20","1692"
"819","20","9","11","4","375","13","5","462","20","1692"
"820","20","9","11","4","375","13","5","463","20","1692"
"821","20","9","11","4","377","13","5","464","20","1692"
"822","20","8","12","3","821","13","5","465","20","1692"
"823","20","9","11","4","382","13","5","466","20","1692"
"824","20","9","11","4","382","13","5","467","20","1692"
"825","20","10","10","4","376","13","5","468","20","1692"
"826","20","10","10","4","376","13","5","469","20","1692"
"827","20","10","10","4","376","13","5","470","20","1692"
"828","20","10","10","4","378","13","5","471","20","1692"
"829","20","10","10","4","378","13","5","472","20","1692"
"830","20","10","10","4","378","13","5","473","20","1692"
"831","20","10","10","4","380","13","5","474","20","1692"
"832","20","10","10","4","380","13","5","475","20","1692"
"833","20","10","10","4","380","13","5","476","20","1692"
"834","20","10","10","4","381","13","5","477","20","1692"
"835","20","10","10","4","381","13","5","478","20","1692"
"836","20","10","10","4","381","13","5","479","20","1692"
"837","20","10","10","4","383","13","5","480","20","1692"
"838","20","10","10","4","384","13","5","481","20","1692"
"839","20","10","10","4","384","13","5","482","20","1692"
"840","20","10","10","4","384","13","5","483","20","1692"
"841","20","10","10","4","385","13","5","484","20","1692"
"842","20","10","10","4","385","13","5","485","20","1692"
"843","20","10","10","6","386","13","5","486","20","1692"
"844","20","10","10","5","386","13","5","487","20","1692"
"845","20","10","10","5","386","13","5","488","20","1692"
"846","20","10","10","5","386","13","5","489","20","1692"
"847","20","10","10","5","386","13","5","490","20","1692"
"848","20","10","10","3","387","13","5","491","20","1692"
"849","20","10","10","3","387","13","5","492","20","1692"
"850","20","10","10","3","389","13","5","493","20","1692"
"851","20","10","10","3","389","13","5","494","20","1692"
"852","20","10","10","3","389","13","5","495","20","1692"
"853","20","10","10","3","390","13","5","496","20","1692"
"854","20","10","10","3","390","13","5","497","20","1692"
"855","20","10","10","3","392","13","5","498","20","1692"
"856","20","10","10","3","392","13","5","499","20","1692"
"857","20","10","10","3","454","13","5","500","20","1692"
"858","20","10","10","3","454","13","5","501","20","1692"
"859","20","11","9","2","151","13","5","502","20","1692"
"860","20","11","9","6","216","13","5","503","20","1692"
"861","20","11","9","6","220","13","5","504","20","1692"
"862","20","11","9","5","240","13","5","505","20","1692"
"863","20","11","9","5","247","13","5","506","20","1692"
"864","20","11","9","5","255","13","5","507","20","1692"
"865","20","11","9","5","401","13","5","508","20","1692"
"866","20","11","9","5","401","13","5","509","20","1692"
"867","20","11","9","5","402","13","5","510","20","1692"
"868","20","11","9","5","402","13","5","511","20","1692"
"869","20","11","9","5","403","13","5","512","20","1692"
"870","20","11","9","5","403","13","5","513","20","1692"
"871","20","11","9","5","403","13","5","514","20","1692"
"872","20","11","9","5","404","13","5","515","20","1692"
"873","20","11","9","5","404","13","5","516","20","1692"
"874","20","11","9","5","404","13","5","517","20","1692"
"875","20","11","9","5","405","13","5","518","20","1692"
"876","20","10","10","4","875","13","5","519","20","1692"
"877","20","11","9","5","405","13","5","520","20","1692"
"878","20","11","9","5","406","13","5","521","20","1692"
"879","20","11","9","5","406","13","5","522","20","1692"
"880","20","11","9","5","407","13","5","523","20","1692"
"881","20","11","9","5","407","13","5","524","20","1692"
"882","20","10","10","4","881","13","5","525","20","1692"
"883","20","11","9","5","407","13","5","526","20","1692"
"884","20","11","9","5","408","13","5","527","20","1692"
"885","20","11","9","5","408","13","5","528","20","1692"
"886","20","10","10","4","885","13","5","529","20","1692"
"887","20","11","9","5","409","13","5","530","20","1692"
"888","20","11","9","5","409","13","5","531","20","1692"
"889","20","11","9","5","410","13","5","532","20","1692"
"890","20","11","9","5","410","13","5","533","20","1692"
"891","20","11","9","5","410","13","5","534","20","1692"
"892","20","11","9","5","411","13","5","535","20","1692"
"893","20","11","9","5","411","13","5","536","20","1692"
"894","20","11","9","5","412","13","5","537","20","1692"
"895","20","11","9","5","412","13","5","538","20","1692"
"896","20","11","9","5","412","13","5","539","20","1692"
"897","20","11","9","5","416","13","5","540","20","1692"
"898","20","10","10","4","897","13","5","541","20","1692"
"899","20","11","9","5","416","13","5","542","20","1692"
"900","20","11","9","5","416","13","5","543","20","1692"
"901","20","11","9","4","418","13","5","544","20","1692"
"902","20","10","10","3","901","13","5","545","20","1692"
"903","20","11","9","4","419","13","5","546","20","1692"
"904","20","10","10","3","903","13","5","547","20","1692"
"905","20","11","9","4","420","13","5","548","20","1692"
"906","20","11","9","4","421","13","5","549","20","1692"
"907","20","11","9","4","422","13","5","550","20","1692"
"908","20","11","9","4","424","13","5","551","20","1692"
"909","20","11","9","4","425","13","5","552","20","1692"
"910","20","11","9","4","427","13","5","553","20","1692"
"911","20","11","9","4","428","13","5","554","20","1692"
"912","20","11","9","4","429","13","5","555","20","1692"
"913","20","11","9","4","431","13","5","556","20","1692"
"914","20","11","9","4","432","13","5","557","20","1692"
"915","20","11","9","4","434","13","5","558","20","1692"
"916","20","11","9","4","435","13","5","559","20","1692"
"917","20","11","9","5","447","13","5","560","20","1692"
"918","20","11","9","4","451","13","5","561","20","1692"
"919","20","11","9","5","841","13","5","562","20","1692"
"920","20","11","9","4","457","13","5","563","20","1692"
"921","20","11","9","3","495","13","5","564","20","1692"
"922","20","10","10","2","921","13","5","565","20","1692"
"923","20","11","9","3","497","13","5","566","20","1692"
"924","20","12","8","2","436","13","5","567","20","1692"
"925","20","12","8","2","437","13","5","568","20","1692"
"926","20","12","8","2","438","13","5","569","20","1692"
"927","20","12","8","4","439","13","5","570","20","1692"
"928","20","12","8","3","439","13","5","571","20","1692"
"929","20","12","8","3","439","13","5","572","20","1692"
"930","20","12","8","4","440","13","5","573","20","1692"
"931","20","12","8","3","440","13","5","574","20","1692"
"932","20","12","8","3","440","13","5","575","20","1692"
"933","20","12","8","2","441","13","5","576","20","1692"
"934","20","12","8","4","442","13","5","577","20","1692"
"935","20","12","8","3","442","13","5","578","20","1692"
"936","20","12","8","3","442","13","5","579","20","1692"
"937","20","12","8","4","443","13","5","580","20","1692"
"938","20","12","8","3","443","13","5","581","20","1692"
"939","20","12","8","3","443","13","5","582","20","1692"
"940","20","12","8","2","444","13","5","583","20","1692"
"941","20","12","8","2","445","13","5","584","20","1692"
"942","20","12","8","4","446","13","5","585","20","1692"
"943","20","12","8","6","448","13","5","586","20","1692"
"944","20","12","8","5","448","13","5","587","20","1692"
"945","20","12","8","5","448","13","5","588","20","1692"
"946","20","12","8","5","448","13","5","589","20","1692"
"947","20","12","8","5","449","13","5","590","20","1692"
"948","20","12","8","4","449","13","5","591","20","1692"
"949","20","12","8","4","449","13","5","592","20","1692"
"950","20","12","8","3","450","13","5","593","20","1692"
"951","20","12","8","5","452","13","5","594","20","1692"
"952","20","12","8","4","452","13","5","595","20","1692"
"953","20","12","8","4","452","13","5","596","20","1692"
"954","20","12","8","3","456","13","5","597","20","1692"
"955","20","12","8","5","458","13","5","598","20","1692"
"956","20","12","8","4","458","13","5","599","20","1692"
"957","20","12","8","4","458","13","5","600","20","1692"
"958","20","12","8","4","458","13","5","601","20","1692"
"959","20","12","8","1","459","13","5","602","20","1692"
"960","20","12","8","1","462","13","5","603","20","1692"
"961","20","12","8","2","463","13","5","604","20","1692"
"962","20","12","8","2","465","13","5","605","20","1692"
"963","20","12","8","2","466","13","5","606","20","1692"
"964","20","12","8","2","467","13","5","607","20","1692"
"965","20","12","8","2","468","13","5","608","20","1692"
"966","20","12","8","2","468","13","5","609","20","1692"
"967","20","12","8","2","469","13","5","610","20","1692"
"968","20","12","8","2","470","13","5","611","20","1692"
"969","20","12","8","2","470","13","5","612","20","1692"
"970","20","12","8","2","471","13","5","613","20","1692"
"971","20","12","8","2","472","13","5","614","20","1692"
"972","20","12","8","2","473","13","5","615","20","1692"
"973","20","12","8","2","474","13","5","616","20","1692"
"974","20","12","8","2","475","13","5","617","20","1692"
"975","20","12","8","4","476","13","5","618","20","1692"
"976","20","12","8","4","476","13","5","619","20","1692"
"977","20","12","8","4","476","13","5","620","20","1692"
"978","20","12","8","4","476","13","5","621","20","1692"
"979","20","12","8","4","477","13","5","622","20","1692"
"980","20","12","8","4","477","13","5","623","20","1692"
"981","20","12","8","4","477","13","5","624","20","1692"
"982","20","12","8","6","478","13","5","625","20","1692"
"983","20","12","8","5","478","13","5","626","20","1692"
"984","20","12","8","5","478","13","5","627","20","1692"
"985","20","12","8","5","478","13","5","628","20","1692"
"986","20","12","8","7","479","13","5","629","20","1692"
"987","20","12","8","6","479","13","5","630","20","1692"
"988","20","12","8","6","479","13","5","631","20","1692"
"989","20","12","8","6","479","13","5","632","20","1692"
"990","20","12","8","6","479","13","5","633","20","1692"
"991","20","12","8","6","479","13","5","634","20","1692"
"992","20","12","8","6","480","13","5","635","20","1692"
"993","20","12","8","5","480","13","5","636","20","1692"
"994","20","12","8","5","480","13","5","637","20","1692"
"995","20","12","8","5","480","13","5","638","20","1692"
"996","20","12","8","5","480","13","5","639","20","1692"
"997","20","12","8","3","481","13","5","640","20","1692"
"998","20","12","8","3","481","13","5","641","20","1692"
"999","20","12","8","3","481","13","5","642","20","1692"
"1000","20","12","8","5","482","13","5","643","20","1692"
"1001","20","12","8","4","482","13","5","644","20","1692"
"1002","20","12","8","4","482","13","5","645","20","1692"
"1003","20","12","8","6","483","13","5","646","20","1692"
"1004","20","12","8","5","483","13","5","647","20","1692"
"1005","20","12","8","5","483","13","5","648","20","1692"
"1006","20","12","8","5","483","13","5","649","20","1692"
"1007","20","12","8","5","483","13","5","650","20","1692"
"1008","20","12","8","3","484","13","5","651","20","1692"
"1009","20","12","8","3","484","13","5","652","20","1692"
"1010","20","12","8","3","484","13","5","653","20","1692"
"1011","20","12","8","5","485","13","5","654","20","1692"
"1012","20","12","8","4","485","13","5","655","20","1692"
"1013","20","12","8","4","485","13","5","656","20","1692"
"1014","20","12","8","6","486","13","5","657","20","1692"
"1015","20","12","8","5","486","13","5","658","20","1692"
"1016","20","12","8","5","486","13","5","659","20","1692"
"1017","20","12","8","5","486","13","5","660","20","1692"
"1018","20","12","8","5","486","13","5","661","20","1692"
"1019","20","12","8","3","487","13","5","662","20","1692"
"1020","20","12","8","3","487","13","5","663","20","1692"
"1021","20","12","8","3","487","13","5","664","20","1692"
"1022","20","12","8","3","488","13","5","665","20","1692"
"1023","20","12","8","3","488","13","5","666","20","1692"
"1024","20","12","8","5","489","13","5","667","20","1692"
"1025","20","12","8","4","489","13","5","668","20","1692"
"1026","20","12","8","4","489","13","5","669","20","1692"
"1027","20","12","8","4","489","13","5","670","20","1692"
"1028","20","12","8","1","490","13","5","671","20","1692"
"1029","20","12","8","3","491","13","5","672","20","1692"
"1030","20","12","8","3","491","13","5","673","20","1692"
"1031","20","12","8","3","493","13","5","674","20","1692"
"1032","20","12","8","3","493","13","5","675","20","1692"
"1033","20","12","8","3","494","13","5","676","20","1692"
"1034","20","12","8","3","496","13","5","677","20","1692"
"1035","20","12","8","3","496","13","5","678","20","1692"
"1036","20","12","8","3","498","13","5","679","20","1692"
"1037","20","12","8","3","498","13","5","680","20","1692"
"1038","20","13","7","4","158","13","5","681","20","1692"
"1039","20","13","7","5","159","13","5","682","20","1692"
"1040","20","13","7","4","160","13","5","683","20","1692"
"1041","20","13","7","4","161","13","5","684","20","1692"
"1042","20","13","7","3","169","13","5","685","20","1692"
"1043","20","13","7","4","169","13","5","686","20","1692"
"1044","20","13","7","4","170","13","5","687","20","1692"
"1045","20","13","7","3","171","13","5","688","20","1692"
"1046","20","13","7","3","172","13","5","689","20","1692"
"1047","20","13","7","4","172","13","5","690","20","1692"
"1048","20","13","7","4","173","13","5","691","20","1692"
"1049","20","13","7","3","174","13","5","692","20","1692"
"1050","20","13","7","4","175","13","5","693","20","1692"
"1051","20","13","7","4","176","13","5","694","20","1692"
"1052","20","13","7","4","178","13","5","695","20","1692"
"1053","20","13","7","4","180","13","5","696","20","1692"
"1054","20","13","7","3","181","13","5","697","20","1692"
"1055","20","13","7","3","182","13","5","698","20","1692"
"1056","20","13","7","4","182","13","5","699","20","1692"
"1057","20","13","7","4","183","13","5","700","20","1692"
"1058","20","13","7","4","184","13","5","701","20","1692"
"1059","20","13","7","3","187","13","5","702","20","1692"
"1060","20","13","7","3","189","13","5","703","20","1692"
"1061","20","13","7","4","189","13","5","704","20","1692"
"1062","20","13","7","4","190","13","5","705","20","1692"
"1063","20","13","7","4","191","13","5","706","20","1692"
"1064","20","13","7","3","192","13","5","707","20","1692"
"1065","20","13","7","3","193","13","5","708","20","1692"
"1066","20","13","7","4","250","13","5","709","20","1692"
"1067","20","13","7","3","274","13","5","710","20","1692"
"1068","20","13","7","5","292","13","5","711","20","1692"
"1069","20","13","7","5","296","13","5","712","20","1692"
"1070","20","13","7","5","298","13","5","713","20","1692"
"1071","20","13","7","4","300","13","5","714","20","1692"
"1072","20","13","7","4","302","13","5","715","20","1692"
"1073","20","13","7","5","499","13","5","716","20","1692"
"1074","20","13","7","6","499","13","5","717","20","1692"
"1075","20","13","7","4","500","13","5","718","20","1692"
"1076","20","13","7","5","500","13","5","719","20","1692"
"1077","19","11","8","4","1076","13","5","720","20","1692"
"1078","20","11","9","4","1077","13","5","721","20","1692"
"1079","20","13","7","5","501","13","5","722","20","1692"
"1080","20","13","7","4","502","13","5","723","20","1692"
"1081","20","13","7","5","502","13","5","724","20","1692"
"1082","20","13","7","3","503","13","5","725","20","1692"
"1083","20","13","7","5","504","13","5","726","20","1692"
"1084","20","13","7","6","504","13","5","727","20","1692"
"1085","20","13","7","4","505","13","5","728","20","1692"
"1086","20","13","7","5","505","13","5","729","20","1692"
"1087","19","11","8","4","1086","13","5","730","20","1692"
"1088","20","11","9","4","1087","13","5","731","20","1692"
"1089","20","10","10","3","1088","13","5","732","20","1692"
"1090","20","13","7","5","506","13","5","733","20","1692"
"1091","20","13","7","4","507","13","5","734","20","1692"
"1092","20","13","7","5","507","13","5","735","20","1692"
"1093","20","13","7","5","508","13","5","736","20","1692"
"1094","20","13","7","5","508","13","5","737","20","1692"
"1095","20","13","7","6","508","13","5","738","20","1692"
"1096","20","13","7","4","509","13","5","739","20","1692"
"1097","20","13","7","4","509","13","5","740","20","1692"
"1098","20","13","7","5","509","13","5","741","20","1692"
"1099","20","13","7","4","510","13","5","742","20","1692"
"1100","20","13","7","5","510","13","5","743","20","1692"
"1101","20","13","7","4","511","13","5","744","20","1692"
"1102","20","13","7","5","511","13","5","745","20","1692"
"1103","20","13","7","5","512","13","5","746","20","1692"
"1104","20","13","7","6","512","13","5","747","20","1692"
"1105","20","13","7","4","513","13","5","748","20","1692"
"1106","20","13","7","5","513","13","5","749","20","1692"
"1107","19","11","8","4","1106","13","5","750","20","1692"
"1108","20","11","9","4","1107","13","5","751","20","1692"
"1109","20","13","7","5","514","13","5","752","20","1692"
"1110","20","13","7","4","515","13","5","753","20","1692"
"1111","20","13","7","5","515","13","5","754","20","1692"
"1112","20","13","7","3","516","13","5","755","20","1692"
"1113","20","13","7","5","517","13","5","756","20","1692"
"1114","20","13","7","6","517","13","5","757","20","1692"
"1115","20","13","7","5","518","13","5","758","20","1692"
"1116","20","13","7","4","519","13","5","759","20","1692"
"1117","20","12","8","3","1116","13","5","760","20","1692"
"1118","20","13","7","5","519","13","5","761","20","1692"
"1119","19","11","8","4","1118","13","5","762","20","1692"
"1120","20","11","9","4","1119","13","5","763","20","1692"
"1121","20","10","10","3","1120","13","5","764","20","1692"
"1122","20","13","7","4","520","13","5","765","20","1692"
"1123","20","13","7","5","520","13","5","766","20","1692"
"1124","20","13","7","5","521","13","5","767","20","1692"
"1125","20","13","7","5","521","13","5","768","20","1692"
"1126","20","13","7","6","521","13","5","769","20","1692"
"1127","20","13","7","4","522","13","5","770","20","1692"
"1128","20","13","7","5","522","13","5","771","20","1692"
"1129","20","13","7","4","523","13","5","772","20","1692"
"1130","20","12","8","3","1129","13","5","773","20","1692"
"1131","20","13","7","4","523","13","5","774","20","1692"
"1132","20","13","7","5","523","13","5","775","20","1692"
"1133","20","13","7","4","524","13","5","776","20","1692"
"1134","20","13","7","5","524","13","5","777","20","1692"
"1135","20","13","7","3","525","13","5","778","20","1692"
"1136","20","13","7","5","526","13","5","779","20","1692"
"1137","20","13","7","6","526","13","5","780","20","1692"
"1138","20","13","7","5","527","13","5","781","20","1692"
"1139","20","13","7","4","528","13","5","782","20","1692"
"1140","20","13","7","5","528","13","5","783","20","1692"
"1141","19","11","8","4","1140","13","5","784","20","1692"
"1142","20","11","9","4","1141","13","5","785","20","1692"
"1143","20","10","10","3","1142","13","5","786","20","1692"
"1144","20","13","7","4","529","13","5","787","20","1692"
"1145","20","13","7","5","529","13","5","788","20","1692"
"1146","20","13","7","5","530","13","5","789","20","1692"
"1147","20","13","7","5","530","13","5","790","20","1692"
"1148","20","13","7","6","530","13","5","791","20","1692"
"1149","20","13","7","4","531","13","5","792","20","1692"
"1150","20","13","7","5","531","13","5","793","20","1692"
"1151","20","13","7","4","532","13","5","794","20","1692"
"1152","20","13","7","5","532","13","5","795","20","1692"
"1153","20","13","7","4","533","13","5","796","20","1692"
"1154","20","12","8","3","1153","13","5","797","20","1692"
"1155","20","13","7","4","533","13","5","798","20","1692"
"1156","20","13","7","5","533","13","5","799","20","1692"
"1157","20","13","7","3","534","13","5","800","20","1692"
"1158","20","13","7","3","534","13","5","801","20","1692"
"1159","20","13","7","5","535","13","5","802","20","1692"
"1160","20","12","8","4","1159","13","5","803","20","1692"
"1161","20","13","7","4","536","13","5","804","20","1692"
"1162","20","12","8","3","1161","13","5","805","20","1692"
"1163","20","13","7","4","537","13","5","806","20","1692"
"1164","20","13","7","5","538","13","5","807","20","1692"
"1165","20","13","7","5","538","13","5","808","20","1692"
"1166","20","13","7","5","538","13","5","809","20","1692"
"1167","20","13","7","5","539","13","5","810","20","1692"
"1168","20","13","7","5","539","13","5","811","20","1692"
"1169","20","12","8","4","1168","13","5","812","20","1692"
"1170","20","13","7","5","539","13","5","813","20","1692"
"1171","20","13","7","5","540","13","5","814","20","1692"
"1172","20","13","7","5","540","13","5","815","20","1692"
"1173","20","12","8","4","1172","13","5","816","20","1692"
"1174","20","13","7","6","540","13","5","817","20","1692"
"1175","20","13","7","5","541","13","5","818","20","1692"
"1176","20","13","7","5","541","13","5","819","20","1692"
"1177","20","13","7","5","541","13","5","820","20","1692"
"1178","20","13","7","5","542","13","5","821","20","1692"
"1179","20","13","7","5","542","13","5","822","20","1692"
"1180","20","13","7","6","542","13","5","823","20","1692"
"1181","20","13","7","7","543","13","5","824","20","1692"
"1182","20","13","7","7","543","13","5","825","20","1692"
"1183","20","12","8","6","1182","13","5","826","20","1692"
"1184","20","13","7","7","543","13","5","827","20","1692"
"1185","20","13","7","7","543","13","5","828","20","1692"
"1186","20","12","8","6","1185","13","5","829","20","1692"
"1187","20","13","7","6","544","13","5","830","20","1692"
"1188","20","12","8","5","1187","13","5","831","20","1692"
"1189","20","13","7","6","544","13","5","832","20","1692"
"1190","20","13","7","6","544","13","5","833","20","1692"
"1191","20","12","8","5","1190","13","5","834","20","1692"
"1192","20","13","7","6","545","13","5","835","20","1692"
"1193","20","13","7","6","545","13","5","836","20","1692"
"1194","20","13","7","6","545","13","5","837","20","1692"
"1195","20","12","8","5","1194","13","5","838","20","1692"
"1196","20","13","7","6","546","13","5","839","20","1692"
"1197","20","13","7","6","546","13","5","840","20","1692"
"1198","20","12","8","5","1197","13","5","841","20","1692"
"1199","20","13","7","6","546","13","5","842","20","1692"
"1200","20","12","8","5","1199","13","5","843","20","1692"
"1201","20","13","7","6","547","13","5","844","20","1692"
"1202","20","13","7","6","547","13","5","845","20","1692"
"1203","20","12","8","5","1202","13","5","846","20","1692"
"1204","20","13","7","6","547","13","5","847","20","1692"
"1205","20","13","7","4","548","13","5","848","20","1692"
"1206","20","12","8","3","1205","13","5","849","20","1692"
"1207","20","13","7","4","549","13","5","850","20","1692"
"1208","20","12","8","3","1207","13","5","851","20","1692"
"1209","20","13","7","5","549","13","5","852","20","1692"
"1210","20","13","7","4","550","13","5","853","20","1692"
"1211","20","13","7","4","551","13","5","854","20","1692"
"1212","20","13","7","5","551","13","5","855","20","1692"
"1213","20","13","7","6","552","13","5","856","20","1692"
"1214","20","12","8","5","1213","13","5","857","20","1692"
"1215","20","13","7","6","552","13","5","858","20","1692"
"1216","20","13","7","5","553","13","5","859","20","1692"
"1217","20","13","7","5","554","13","5","860","20","1692"
"1218","20","12","8","4","1217","13","5","861","20","1692"
"1219","20","13","7","5","555","13","5","862","20","1692"
"1220","20","12","8","4","1219","13","5","863","20","1692"
"1221","20","13","7","5","555","13","5","864","20","1692"
"1222","20","13","7","4","556","13","5","865","20","1692"
"1223","20","13","7","4","557","13","5","866","20","1692"
"1224","20","13","7","4","558","13","5","867","20","1692"
"1225","20","13","7","5","558","13","5","868","20","1692"
"1226","20","13","7","6","559","13","5","869","20","1692"
"1227","20","13","7","6","559","13","5","870","20","1692"
"1228","20","13","7","5","560","13","5","871","20","1692"
"1229","20","13","7","5","561","13","5","872","20","1692"
"1230","20","13","7","5","562","13","5","873","20","1692"
"1231","20","13","7","5","562","13","5","874","20","1692"
"1232","20","13","7","4","563","13","5","875","20","1692"
"1233","20","13","7","4","564","13","5","876","20","1692"
"1234","20","13","7","4","565","13","5","877","20","1692"
"1235","20","13","7","5","565","13","5","878","20","1692"
"1236","20","13","7","6","566","13","5","879","20","1692"
"1237","20","13","7","6","566","13","5","880","20","1692"
"1238","20","12","8","5","1237","13","5","881","20","1692"
"1239","20","13","7","5","567","13","5","882","20","1692"
"1240","20","12","8","4","1239","13","5","883","20","1692"
"1241","20","13","7","5","568","13","5","884","20","1692"
"1242","20","13","7","5","569","13","5","885","20","1692"
"1243","20","13","7","5","569","13","5","886","20","1692"
"1244","20","12","8","4","1243","13","5","887","20","1692"
"1245","20","13","7","4","570","13","5","888","20","1692"
"1246","20","13","7","4","570","13","5","889","20","1692"
"1247","20","13","7","4","571","13","5","890","20","1692"
"1248","20","13","7","4","571","13","5","891","20","1692"
"1249","20","12","8","3","1248","13","5","892","20","1692"
"1250","20","13","7","4","572","13","5","893","20","1692"
"1251","20","13","7","4","572","13","5","894","20","1692"
"1252","20","12","8","3","1251","13","5","895","20","1692"
"1253","20","13","7","5","572","13","5","896","20","1692"
"1254","20","13","7","4","573","13","5","897","20","1692"
"1255","20","13","7","4","573","13","5","898","20","1692"
"1256","20","13","7","4","574","13","5","899","20","1692"
"1257","20","13","7","4","574","13","5","900","20","1692"
"1258","20","13","7","5","574","13","5","901","20","1692"
"1259","20","13","7","6","575","13","5","902","20","1692"
"1260","20","13","7","6","575","13","5","903","20","1692"
"1261","20","12","8","5","1260","13","5","904","20","1692"
"1262","20","13","7","6","575","13","5","905","20","1692"
"1263","20","13","7","5","576","13","5","906","20","1692"
"1264","20","12","8","4","1263","13","5","907","20","1692"
"1265","20","13","7","5","576","13","5","908","20","1692"
"1266","20","13","7","5","577","13","5","909","20","1692"
"1267","20","13","7","5","577","13","5","910","20","1692"
"1268","20","13","7","5","578","13","5","911","20","1692"
"1269","20","13","7","5","578","13","5","912","20","1692"
"1270","20","12","8","4","1269","13","5","913","20","1692"
"1271","20","13","7","5","579","13","5","914","20","1692"
"1272","20","13","7","5","579","13","5","915","20","1692"
"1273","20","12","8","4","1272","13","5","916","20","1692"
"1274","20","13","7","5","579","13","5","917","20","1692"
"1275","20","13","7","2","587","13","5","918","20","1692"
"1276","20","13","7","2","590","13","5","919","20","1692"
"1277","20","13","7","2","592","13","5","920","20","1692"
"1278","20","13","7","2","602","13","5","921","20","1692"
"1279","20","12","8","1","1278","13","5","922","20","1692"
"1280","20","13","7","2","604","13","5","923","20","1692"
"1281","20","13","7","2","606","13","5","924","20","1692"
"1282","20","13","7","2","609","13","5","925","20","1692"
"1283","20","13","7","2","610","13","5","926","20","1692"
"1284","20","13","7","4","611","13","5","927","20","1692"
"1285","20","13","7","4","611","13","5","928","20","1692"
"1286","20","13","7","4","612","13","5","929","20","1692"
"1287","20","13","7","4","613","13","5","930","20","1692"
"1288","20","13","7","5","614","13","5","931","20","1692"
"1289","20","12","8","4","1288","13","5","932","20","1692"
"1290","20","13","7","6","614","13","5","933","20","1692"
"1291","20","13","7","4","615","13","5","934","20","1692"
"1292","20","12","8","3","1291","13","5","935","20","1692"
"1293","20","13","7","5","615","13","5","936","20","1692"
"1294","20","13","7","5","616","13","5","937","20","1692"
"1295","20","13","7","4","617","13","5","938","20","1692"
"1296","20","13","7","4","617","13","5","939","20","1692"
"1297","20","12","8","3","1296","13","5","940","20","1692"
"1298","20","13","7","5","617","13","5","941","20","1692"
"1299","20","12","8","4","1298","13","5","942","20","1692"
"1300","20","13","7","4","618","13","5","943","20","1692"
"1301","20","13","7","5","618","13","5","944","20","1692"
"1302","20","12","8","4","1301","13","5","945","20","1692"
"1303","20","13","7","4","619","13","5","946","20","1692"
"1304","20","13","7","4","619","13","5","947","20","1692"
"1305","20","12","8","3","1304","13","5","948","20","1692"
"1306","20","13","7","4","620","13","5","949","20","1692"
"1307","20","13","7","4","621","13","5","950","20","1692"
"1308","20","13","7","4","621","13","5","951","20","1692"
"1309","20","13","7","4","622","13","5","952","20","1692"
"1310","20","13","7","4","622","13","5","953","20","1692"
"1311","20","13","7","4","623","13","5","954","20","1692"
"1312","20","13","7","4","624","13","5","955","20","1692"
"1313","20","13","7","4","624","13","5","956","20","1692"
"1314","20","13","7","4","625","13","5","957","20","1692"
"1315","20","13","7","4","626","13","5","958","20","1692"
"1316","20","12","8","3","1315","13","5","959","20","1692"
"1317","20","13","7","4","626","13","5","960","20","1692"
"1318","20","13","7","5","629","13","5","961","20","1692"
"1319","20","13","7","4","630","13","5","962","20","1692"
"1320","20","13","7","3","631","13","5","963","20","1692"
"1321","20","13","7","4","631","13","5","964","20","1692"
"1322","20","12","8","3","1321","13","5","965","20","1692"
"1323","20","13","7","3","632","13","5","966","20","1692"
"1324","20","13","7","3","635","13","5","967","20","1692"
"1325","20","13","7","4","637","13","5","968","20","1692"
"1326","20","12","8","3","1325","13","5","969","20","1692"
"1327","20","13","7","3","638","13","5","970","20","1692"
"1328","20","12","8","2","1327","13","5","971","20","1692"
"1329","20","13","7","3","676","13","5","972","20","1692"
"1330","20","13","7","5","681","13","5","973","20","1692"
"1331","20","12","8","4","1330","13","5","974","20","1692"
"1332","20","13","7","5","681","13","5","975","20","1692"
"1333","20","13","7","5","681","13","5","976","20","1692"
"1334","20","12","8","4","1333","13","5","977","20","1692"
"1335","20","13","7","4","684","13","5","978","20","1692"
"1336","20","13","7","4","687","13","5","979","20","1692"
"1337","20","12","8","3","1336","13","5","980","20","1692"
"1338","20","13","7","5","694","13","5","981","20","1692"
"1339","20","13","7","5","694","13","5","982","20","1692"
"1340","20","13","7","5","694","13","5","983","20","1692"
"1341","20","12","8","4","1340","13","5","984","20","1692"
"1342","20","13","7","4","697","13","5","985","20","1692"
"1343","20","13","7","4","699","13","5","986","20","1692"
"1344","20","12","8","3","1343","13","5","987","20","1692"
"1345","20","13","7","4","701","13","5","988","20","1692"
"1346","20","13","7","3","703","13","5","989","20","1692"
"1347","20","13","7","4","703","13","5","990","20","1692"
"1348","20","13","7","5","717","13","5","991","20","1692"
"1349","20","13","7","5","717","13","5","992","20","1692"
"1350","20","12","8","4","1349","13","5","993","20","1692"
"1351","20","13","7","6","717","13","5","994","20","1692"
"1352","20","13","7","5","719","13","5","995","20","1692"
"1353","20","12","8","4","1352","13","5","996","20","1692"
"1354","20","13","7","5","719","13","5","997","20","1692"
"1355","20","13","7","6","719","13","5","998","20","1692"
"1356","20","13","7","4","722","13","5","999","20","1692"
"1357","20","12","8","3","1356","13","5","1000","20","1692"
"1358","20","13","7","5","722","13","5","1001","20","1692"
"1359","20","13","7","4","724","13","5","1002","20","1692"
"1360","20","13","7","5","724","13","5","1003","20","1692"
"1361","20","13","7","4","728","13","5","1004","20","1692"
"1362","20","12","8","3","1361","13","5","1005","20","1692"
"1363","20","13","7","5","728","13","5","1006","20","1692"
"1364","20","13","7","4","732","13","5","1007","20","1692"
"1365","20","13","7","5","732","13","5","1008","20","1692"
"1366","20","13","7","4","737","13","5","1009","20","1692"
"1367","20","13","7","4","737","13","5","1010","20","1692"
"1368","20","13","7","4","742","13","5","1011","20","1692"
"1369","20","13","7","5","742","13","5","1012","20","1692"
"1370","20","12","8","4","1369","13","5","1013","20","1692"
"1371","20","13","7","5","744","13","5","1014","20","1692"
"1372","20","13","7","5","744","13","5","1015","20","1692"
"1373","20","12","8","4","1372","13","5","1016","20","1692"
"1374","20","13","7","5","744","13","5","1017","20","1692"
"1375","20","13","7","5","749","13","5","1018","20","1692"
"1376","20","13","7","4","753","13","5","1019","20","1692"
"1377","20","13","7","4","760","13","5","1020","20","1692"
"1378","20","12","8","3","1377","13","5","1021","20","1692"
"1379","20","13","7","4","762","13","5","1022","20","1692"
"1380","20","12","8","3","1379","13","5","1023","20","1692"
"1381","20","13","7","4","762","13","5","1024","20","1692"
"1382","20","13","7","4","774","13","5","1025","20","1692"
"1383","20","13","7","4","774","13","5","1026","20","1692"
"1384","20","13","7","4","781","13","5","1027","20","1692"
"1385","20","13","7","4","781","13","5","1028","20","1692"
"1386","20","13","7","3","787","13","5","1029","20","1692"
"1387","20","14","6","4","640","13","5","1030","20","1692"
"1388","20","14","6","4","640","13","5","1031","20","1692"
"1389","20","14","6","4","641","13","5","1032","20","1692"
"1390","20","14","6","3","641","13","5","1033","20","1692"
"1391","20","14","6","3","641","13","5","1034","20","1692"
"1392","20","14","6","3","642","13","5","1035","20","1692"
"1393","20","14","6","2","642","13","5","1036","20","1692"
"1394","20","14","6","4","643","13","5","1037","20","1692"
"1395","20","14","6","3","643","13","5","1038","20","1692"
"1396","20","14","6","3","643","13","5","1039","20","1692"
"1397","20","14","6","3","644","13","5","1040","20","1692"
"1398","20","14","6","2","644","13","5","1041","20","1692"
"1399","20","14","6","4","645","13","5","1042","20","1692"
"1400","20","14","6","3","645","13","5","1043","20","1692"
"1401","20","14","6","3","645","13","5","1044","20","1692"
"1402","20","14","6","4","646","13","5","1045","20","1692"
"1403","20","14","6","3","646","13","5","1046","20","1692"
"1404","20","14","6","3","646","13","5","1047","20","1692"
"1405","20","14","6","4","647","13","5","1048","20","1692"
"1406","20","14","6","3","647","13","5","1049","20","1692"
"1407","20","14","6","3","647","13","5","1050","20","1692"
"1408","20","14","6","4","648","13","5","1051","20","1692"
"1409","20","14","6","3","648","13","5","1052","20","1692"
"1410","20","14","6","3","648","13","5","1053","20","1692"
"1411","20","14","6","4","649","13","5","1054","20","1692"
"1412","20","14","6","3","649","13","5","1055","20","1692"
"1413","20","14","6","3","649","13","5","1056","20","1692"
"1414","20","14","6","4","650","13","5","1057","20","1692"
"1415","20","14","6","3","650","13","5","1058","20","1692"
"1416","20","14","6","3","650","13","5","1059","20","1692"
"1417","20","14","6","4","651","13","5","1060","20","1692"
"1418","20","14","6","3","651","13","5","1061","20","1692"
"1419","20","14","6","3","651","13","5","1062","20","1692"
"1420","20","14","6","6","652","13","5","1063","20","1692"
"1421","20","14","6","5","652","13","5","1064","20","1692"
"1422","20","14","6","5","652","13","5","1065","20","1692"
"1423","20","14","6","5","652","13","5","1066","20","1692"
"1424","20","14","6","5","652","13","5","1067","20","1692"
"1425","20","14","6","5","653","13","5","1068","20","1692"
"1426","20","14","6","4","653","13","5","1069","20","1692"
"1427","20","14","6","4","653","13","5","1070","20","1692"
"1428","20","14","6","4","653","13","5","1071","20","1692"
"1429","20","14","6","5","654","13","5","1072","20","1692"
"1430","20","14","6","4","654","13","5","1073","20","1692"
"1431","20","14","6","4","654","13","5","1074","20","1692"
"1432","20","14","6","4","654","13","5","1075","20","1692"
"1433","20","14","6","5","655","13","5","1076","20","1692"
"1434","20","14","6","4","655","13","5","1077","20","1692"
"1435","20","14","6","4","655","13","5","1078","20","1692"
"1436","20","14","6","4","656","13","5","1079","20","1692"
"1437","20","14","6","4","656","13","5","1080","20","1692"
"1438","20","14","6","4","657","13","5","1081","20","1692"
"1439","20","14","6","3","657","13","5","1082","20","1692"
"1440","20","14","6","3","659","13","5","1083","20","1692"
"1441","20","14","6","3","659","13","5","1084","20","1692"
"1442","20","14","6","4","660","13","5","1085","20","1692"
"1443","20","14","6","3","660","13","5","1086","20","1692"
"1444","20","14","6","3","660","13","5","1087","20","1692"
"1445","20","14","6","3","661","13","5","1088","20","1692"
"1446","20","14","6","3","661","13","5","1089","20","1692"
"1447","20","14","6","5","662","13","5","1090","20","1692"
"1448","20","14","6","4","662","13","5","1091","20","1692"
"1449","20","14","6","4","662","13","5","1092","20","1692"
"1450","20","14","6","4","662","13","5","1093","20","1692"
"1451","20","14","6","2","663","13","5","1094","20","1692"
"1452","20","14","6","2","663","13","5","1095","20","1692"
"1453","20","14","6","4","664","13","5","1096","20","1692"
"1454","20","14","6","3","664","13","5","1097","20","1692"
"1455","20","14","6","3","664","13","5","1098","20","1692"
"1456","20","14","6","4","665","13","5","1099","20","1692"
"1457","20","14","6","3","665","13","5","1100","20","1692"
"1458","20","14","6","3","665","13","5","1101","20","1692"
"1459","20","14","6","5","666","13","5","1102","20","1692"
"1460","20","14","6","4","666","13","5","1103","20","1692"
"1461","20","14","6","4","666","13","5","1104","20","1692"
"1462","20","14","6","4","667","13","5","1105","20","1692"
"1463","20","14","6","4","667","13","5","1106","20","1692"
"1464","20","14","6","4","668","13","5","1107","20","1692"
"1465","20","14","6","3","668","13","5","1108","20","1692"
"1466","20","14","6","3","670","13","5","1109","20","1692"
"1467","20","14","6","3","670","13","5","1110","20","1692"
"1468","20","14","6","4","671","13","5","1111","20","1692"
"1469","20","14","6","3","671","13","5","1112","20","1692"
"1470","20","14","6","3","671","13","5","1113","20","1692"
"1471","20","14","6","3","672","13","5","1114","20","1692"
"1472","20","14","6","5","673","13","5","1115","20","1692"
"1473","20","14","6","4","673","13","5","1116","20","1692"
"1474","20","14","6","4","673","13","5","1117","20","1692"
"1475","20","14","6","4","673","13","5","1118","20","1692"
"1476","20","14","6","4","674","13","5","1119","20","1692"
"1477","20","14","6","3","674","13","5","1120","20","1692"
"1478","20","14","6","3","674","13","5","1121","20","1692"
"1479","20","14","6","2","675","13","5","1122","20","1692"
"1480","20","14","6","4","677","13","5","1123","20","1692"
"1481","20","14","6","3","677","13","5","1124","20","1692"
"1482","20","14","6","3","677","13","5","1125","20","1692"
"1483","20","14","6","4","678","13","5","1126","20","1692"
"1484","20","14","6","4","678","13","5","1127","20","1692"
"1485","20","14","6","4","679","13","5","1128","20","1692"
"1486","20","14","6","4","679","13","5","1129","20","1692"
"1487","20","14","6","6","680","13","5","1130","20","1692"
"1488","20","14","6","5","680","13","5","1131","20","1692"
"1489","20","14","6","5","680","13","5","1132","20","1692"
"1490","20","14","6","5","680","13","5","1133","20","1692"
"1491","20","14","6","3","682","13","5","1134","20","1692"
"1492","20","14","6","3","682","13","5","1135","20","1692"
"1493","20","14","6","5","683","13","5","1136","20","1692"
"1494","20","14","6","4","683","13","5","1137","20","1692"
"1495","20","14","6","4","683","13","5","1138","20","1692"
"1496","20","14","6","3","685","13","5","1139","20","1692"
"1497","20","14","6","3","685","13","5","1140","20","1692"
"1498","20","14","6","5","686","13","5","1141","20","1692"
"1499","20","14","6","4","686","13","5","1142","20","1692"
"1500","20","14","6","4","686","13","5","1143","20","1692"
"1501","20","14","6","3","688","13","5","1144","20","1692"
"1502","20","14","6","3","688","13","5","1145","20","1692"
"1503","20","14","6","3","689","13","5","1146","20","1692"
"1504","20","14","6","3","689","13","5","1147","20","1692"
"1505","20","14","6","5","690","13","5","1148","20","1692"
"1506","20","14","6","4","690","13","5","1149","20","1692"
"1507","20","14","6","4","690","13","5","1150","20","1692"
"1508","20","14","6","4","690","13","5","1151","20","1692"
"1509","20","14","6","4","691","13","5","1152","20","1692"
"1510","20","14","6","4","692","13","5","1153","20","1692"
"1511","20","14","6","4","692","13","5","1154","20","1692"
"1512","20","14","6","6","693","13","5","1155","20","1692"
"1513","20","14","6","5","693","13","5","1156","20","1692"
"1514","20","14","6","5","693","13","5","1157","20","1692"
"1515","20","14","6","5","693","13","5","1158","20","1692"
"1516","20","14","6","3","695","13","5","1159","20","1692"
"1517","20","14","6","3","695","13","5","1160","20","1692"
"1518","20","14","6","5","696","13","5","1161","20","1692"
"1519","20","14","6","4","696","13","5","1162","20","1692"
"1520","20","14","6","4","696","13","5","1163","20","1692"
"1521","20","14","6","3","698","13","5","1164","20","1692"
"1522","20","14","6","5","700","13","5","1165","20","1692"
"1523","20","14","6","4","700","13","5","1166","20","1692"
"1524","20","14","6","4","700","13","5","1167","20","1692"
"1525","20","14","6","3","702","13","5","1168","20","1692"
"1526","20","14","6","3","704","13","5","1169","20","1692"
"1527","20","14","6","3","704","13","5","1170","20","1692"
"1528","20","14","6","5","705","13","5","1171","20","1692"
"1529","20","14","6","4","705","13","5","1172","20","1692"
"1530","20","14","6","4","705","13","5","1173","20","1692"
"1531","20","14","6","4","705","13","5","1174","20","1692"
"1532","20","14","6","3","706","13","5","1175","20","1692"
"1533","20","14","6","3","706","13","5","1176","20","1692"
"1534","20","14","6","3","707","13","5","1177","20","1692"
"1535","20","14","6","4","708","13","5","1178","20","1692"
"1536","20","14","6","4","708","13","5","1179","20","1692"
"1537","20","14","6","3","709","13","5","1180","20","1692"
"1538","20","14","6","3","710","13","5","1181","20","1692"
"1539","20","14","6","4","711","13","5","1182","20","1692"
"1540","20","14","6","4","711","13","5","1183","20","1692"
"1541","20","14","6","3","712","13","5","1184","20","1692"
"1542","20","14","6","5","713","13","5","1185","20","1692"
"1543","20","14","6","4","713","13","5","1186","20","1692"
"1544","20","14","6","4","713","13","5","1187","20","1692"
"1545","20","14","6","4","714","13","5","1188","20","1692"
"1546","20","14","6","4","714","13","5","1189","20","1692"
"1547","20","14","6","5","715","13","5","1190","20","1692"
"1548","20","14","6","5","715","13","5","1191","20","1692"
"1549","20","14","6","5","716","13","5","1192","20","1692"
"1550","20","14","6","5","718","13","5","1193","20","1692"
"1551","20","14","6","6","720","13","5","1194","20","1692"
"1552","20","14","6","6","720","13","5","1195","20","1692"
"1553","20","14","6","6","720","13","5","1196","20","1692"
"1554","20","14","6","4","721","13","5","1197","20","1692"
"1555","20","14","6","4","723","13","5","1198","20","1692"
"1556","20","14","6","5","725","13","5","1199","20","1692"
"1557","20","14","6","5","725","13","5","1200","20","1692"
"1558","20","14","6","5","725","13","5","1201","20","1692"
"1559","20","14","6","4","726","13","5","1202","20","1692"
"1560","20","14","6","4","726","13","5","1203","20","1692"
"1561","20","14","6","4","727","13","5","1204","20","1692"
"1562","20","14","6","5","729","13","5","1205","20","1692"
"1563","20","14","6","5","729","13","5","1206","20","1692"
"1564","20","14","6","5","729","13","5","1207","20","1692"
"1565","20","14","6","4","730","13","5","1208","20","1692"
"1566","20","14","6","4","730","13","5","1209","20","1692"
"1567","20","14","6","4","731","13","5","1210","20","1692"
"1568","20","14","6","5","733","13","5","1211","20","1692"
"1569","20","14","6","5","733","13","5","1212","20","1692"
"1570","20","14","6","4","734","13","5","1213","20","1692"
"1571","20","14","6","4","734","13","5","1214","20","1692"
"1572","20","14","6","4","735","13","5","1215","20","1692"
"1573","20","14","6","4","735","13","5","1216","20","1692"
"1574","20","14","6","4","736","13","5","1217","20","1692"
"1575","20","14","6","4","736","13","5","1218","20","1692"
"1576","20","14","6","4","736","13","5","1219","20","1692"
"1577","20","14","6","4","738","13","5","1220","20","1692"
"1578","20","14","6","4","739","13","5","1221","20","1692"
"1579","20","14","6","4","739","13","5","1222","20","1692"
"1580","20","14","6","4","740","13","5","1223","20","1692"
"1581","20","14","6","4","740","13","5","1224","20","1692"
"1582","20","14","6","4","741","13","5","1225","20","1692"
"1583","20","14","6","4","741","13","5","1226","20","1692"
"1584","20","14","6","4","741","13","5","1227","20","1692"
"1585","20","14","6","5","743","13","5","1228","20","1692"
"1586","20","14","6","3","745","13","5","1229","20","1692"
"1587","20","14","6","3","745","13","5","1230","20","1692"
"1588","20","14","6","4","746","13","5","1231","20","1692"
"1589","20","14","6","3","746","13","5","1232","20","1692"
"1590","20","14","6","3","747","13","5","1233","20","1692"
"1591","20","14","6","3","747","13","5","1234","20","1692"
"1592","20","14","6","4","748","13","5","1235","20","1692"
"1593","20","14","6","5","750","13","5","1236","20","1692"
"1594","20","14","6","5","750","13","5","1237","20","1692"
"1595","20","14","6","5","750","13","5","1238","20","1692"
"1596","20","14","6","4","751","13","5","1239","20","1692"
"1597","20","14","6","4","751","13","5","1240","20","1692"
"1598","20","14","6","4","751","13","5","1241","20","1692"
"1599","20","14","6","3","752","13","5","1242","20","1692"
"1600","20","14","6","4","754","13","5","1243","20","1692"
"1601","20","14","6","4","754","13","5","1244","20","1692"
"1602","20","14","6","3","755","13","5","1245","20","1692"
"1603","20","14","6","3","755","13","5","1246","20","1692"
"1604","20","14","6","3","756","13","5","1247","20","1692"
"1605","20","14","6","3","756","13","5","1248","20","1692"
"1606","20","14","6","3","758","13","5","1249","20","1692"
"1607","20","14","6","3","758","13","5","1250","20","1692"
"1608","20","14","6","3","759","13","5","1251","20","1692"
"1609","20","14","6","3","759","13","5","1252","20","1692"
"1610","20","14","6","4","761","13","5","1253","20","1692"
"1611","20","14","6","3","763","13","5","1254","20","1692"
"1612","20","14","6","3","763","13","5","1255","20","1692"
"1613","20","14","6","4","764","13","5","1256","20","1692"
"1614","20","14","6","4","764","13","5","1257","20","1692"
"1615","20","14","6","5","765","13","5","1258","20","1692"
"1616","20","14","6","5","765","13","5","1259","20","1692"
"1617","20","14","6","5","765","13","5","1260","20","1692"
"1618","20","14","6","4","766","13","5","1261","20","1692"
"1619","20","14","6","4","766","13","5","1262","20","1692"
"1620","20","14","6","4","766","13","5","1263","20","1692"
"1621","20","14","6","3","767","13","5","1264","20","1692"
"1622","20","14","6","3","767","13","5","1265","20","1692"
"1623","20","14","6","4","768","13","5","1266","20","1692"
"1624","20","14","6","4","768","13","5","1267","20","1692"
"1625","20","14","6","3","769","13","5","1268","20","1692"
"1626","20","14","6","3","769","13","5","1269","20","1692"
"1627","20","14","6","3","770","13","5","1270","20","1692"
"1628","20","14","6","3","770","13","5","1271","20","1692"
"1629","20","14","6","3","770","13","5","1272","20","1692"
"1630","20","14","6","3","771","13","5","1273","20","1692"
"1631","20","14","6","3","771","13","5","1274","20","1692"
"1632","20","14","6","3","772","13","5","1275","20","1692"
"1633","20","14","6","3","772","13","5","1276","20","1692"
"1634","20","14","6","3","772","13","5","1277","20","1692"
"1635","20","14","6","4","773","13","5","1278","20","1692"
"1636","20","14","6","2","775","13","5","1279","20","1692"
"1637","20","14","6","2","775","13","5","1280","20","1692"
"1638","20","14","6","2","776","13","5","1281","20","1692"
"1639","20","14","6","2","777","13","5","1282","20","1692"
"1640","20","14","6","4","778","13","5","1283","20","1692"
"1641","20","14","6","3","778","13","5","1284","20","1692"
"1642","20","14","6","3","778","13","5","1285","20","1692"
"1643","20","14","6","4","779","13","5","1286","20","1692"
"1644","20","14","6","4","779","13","5","1287","20","1692"
"1645","20","14","6","4","780","13","5","1288","20","1692"
"1646","20","14","6","3","782","13","5","1289","20","1692"
"1647","20","14","6","3","784","13","5","1290","20","1692"
"1648","20","14","6","3","784","13","5","1291","20","1692"
"1649","20","14","6","3","785","13","5","1292","20","1692"
"1650","20","14","6","3","785","13","5","1293","20","1692"
"1651","20","14","6","3","786","13","5","1294","20","1692"
"1652","20","15","5","7","330","13","5","1295","20","1692"
"1653","20","15","5","6","331","13","5","1296","20","1692"
"1654","20","15","5","6","332","13","5","1297","20","1692"
"1655","20","15","5","6","333","13","5","1298","20","1692"
"1656","20","15","5","6","338","13","5","1299","20","1692"
"1657","20","15","5","5","339","13","5","1300","20","1692"
"1658","20","15","5","5","340","13","5","1301","20","1692"
"1659","20","15","5","6","344","13","5","1302","20","1692"
"1660","20","15","5","5","345","13","5","1303","20","1692"
"1661","20","15","5","5","346","13","5","1304","20","1692"
"1662","20","15","5","6","352","13","5","1305","20","1692"
"1663","20","15","5","5","353","13","5","1306","20","1692"
"1664","20","15","5","5","354","13","5","1307","20","1692"
"1665","20","15","5","5","355","13","5","1308","20","1692"
"1666","21","7","14","4","789","13","5","1309","21","1692"
"1667","21","7","14","3","789","13","5","1310","21","1692"
"1668","21","7","14","3","789","13","5","1311","21","1692"
"1669","21","7","14","2","790","13","5","1312","21","1692"
"1670","21","7","14","2","792","13","5","1313","21","1692"
"1671","21","7","14","2","793","13","5","1314","21","1692"
"1672","21","7","14","2","794","13","5","1315","21","1692"
"1673","21","8","13","4","226","13","5","1316","21","1692"
"1674","21","8","13","4","228","13","5","1317","21","1692"
"1675","21","8","13","4","358","13","5","1318","21","1692"
"1676","21","8","13","4","359","13","5","1319","21","1692"
"1677","21","8","13","4","360","13","5","1320","21","1692"
"1678","21","8","13","5","795","13","5","1321","21","1692"
"1679","21","7","14","4","1678","13","5","1322","21","1692"
"1680","21","8","13","5","795","13","5","1323","21","1692"
"1681","21","8","13","5","795","13","5","1324","21","1692"
"1682","20","6","14","4","1681","13","5","1325","21","1692"
"1683","21","6","15","4","1682","13","5","1326","21","1692"
"1684","21","5","16","3","1683","13","5","1327","21","1692"
"1685","21","6","15","4","1682","13","5","1328","21","1692"
"1686","21","5","16","3","1685","13","5","1329","21","1692"
"1687","21","6","15","4","1682","13","5","1330","21","1692"
"1688","20","4","16","3","1687","13","4","0","21","1692"
"1689","21","4","17","3","1688","13","4","1","21","1692"
"1690","20","2","18","2","1689","13","2","0","21","1692"
"1691","20","1","19","2","1690","13","1","0","21","1692"
"1692","20","0","20","1","1691","13","0","0","21","1692"
